"ercotdata_df$Date","Y.ERCOT"
2011-12-31,127435.976494
2012-01-01,695905.307053
2012-01-02,821764.737321
2012-01-03,859600.67825
2012-01-04,797173.030181
2012-01-05,769394.86738
2012-01-06,726624.917739
2012-01-07,707709.983006
2012-01-08,717168.518703
2012-01-09,829279.557938
2012-01-10,861818.773948
2012-01-11,811294.268475
2012-01-12,968729.582345
2012-01-13,896791.469771
2012-01-14,789798.780908
2012-01-15,718973.733269
2012-01-16,723012.834376
2012-01-17,783737.252954
2012-01-18,813756.053284
2012-01-19,747108.420252
2012-01-20,738134.229207
2012-01-21,731292.541737
2012-01-22,698367.872236
2012-01-23,747997.24252
2012-01-24,761579.797428
2012-01-25,783472.358254
2012-01-26,772367.698775
2012-01-27,756980.190515
2012-01-28,760061.814522
2012-01-29,740224.068957
2012-01-30,749442.328138
2012-01-31,714451.203107
2012-02-01,729994.816624
2012-02-02,727504.561978
2012-02-03,727895.469896
2012-02-04,706427.403129
2012-02-05,789051.750732
2012-02-06,814506.006329
2012-02-07,772043.570195
2012-02-08,831223.443088
2012-02-09,807247.540901
2012-02-10,798665.153222
2012-02-11,892316.218459
2012-02-12,917300.198634
2012-02-13,855223.130343
2012-02-14,753687.810978
2012-02-15,736405.004361
2012-02-16,756012.631772
2012-02-17,744566.83442
2012-02-18,742558.666032
2012-02-19,713968.013227
2012-02-20,756015.794495
2012-02-21,741939.280803
2012-02-22,743910.943045
2012-02-23,745988.545268
2012-02-24,743100.020257
2012-02-25,735955.655389
2012-02-26,680625.719397
2012-02-27,708794.90988
2012-02-28,726940.708337
2012-02-29,743054.337372
2012-03-01,753537.022802
2012-03-02,746213.7566
2012-03-03,678032.418231
2012-03-04,666433.882441
2012-03-05,717002.666633
2012-03-06,711956.947029
2012-03-07,732873.8649
2012-03-08,777304.240759
2012-03-09,819029.617943
2012-03-10,721662.952587
2012-03-11,639391.754366
2012-03-12,721961.013242
2012-03-13,744329.51534
2012-03-14,758306.734384
2012-03-15,776672.571713
2012-03-16,770476.596231
2012-03-17,731241.069301
2012-03-18,723356.601246
2012-03-19,789179.91716
2012-03-20,713612.838574
2012-03-21,709284.283778
2012-03-22,732727.157549
2012-03-23,738060.154299
2012-03-24,720118.585545
2012-03-25,736154.49401
2012-03-26,803543.619909
2012-03-27,788757.975672
2012-03-28,784287.218734
2012-03-29,788366.034503
2012-03-30,823597.773166
2012-03-31,815064.872468
2012-04-01,827919.614772
2012-04-02,857455.348636
2012-04-03,841192.569742
2012-04-04,804219.949684
2012-04-05,827817.295088
2012-04-06,793412.339205
2012-04-07,780982.80101
2012-04-08,723811.174418
2012-04-09,804525.045525
2012-04-10,840604.527687
2012-04-11,847714.500261
2012-04-12,833726.698159
2012-04-13,844266.489008
2012-04-14,823521.650668
2012-04-15,764747.888897
2012-04-16,733973.281794
2012-04-17,776632.905096
2012-04-18,787229.023395
2012-04-19,802474.594253
2012-04-20,741607.020938
2012-04-21,676810.614279
2012-04-22,720420.066567
2012-04-23,754384.997638
2012-04-24,812195.719346
2012-04-25,907655.840622
2012-04-26,924322.511499
2012-04-27,899599.789013
2012-04-28,861268.211807
2012-04-29,844242.317338
2012-04-30,922958.190238
2012-05-01,927189.641315
2012-05-02,940470.776844
2012-05-03,990270.309198
2012-05-04,997415.04438
2012-05-05,970079.607555
2012-05-06,902342.650045
2012-05-07,969511.988645
2012-05-08,813521.013418
2012-05-09,847131.207883
2012-05-10,813963.662943
2012-05-11,810088.806954
2012-05-12,757572.06954
2012-05-13,758513.107683
2012-05-14,844446.223096
2012-05-15,803159.156578
2012-05-16,866983.640768
2012-05-17,911551.874619
2012-05-18,917879.099683
2012-05-19,882487.482532
2012-05-20,880849.773227
2012-05-21,963578.342515
2012-05-22,991946.829936
2012-05-23,1011356.829314
2012-05-24,1047248.746325
2012-05-25,1060720.753945
2012-05-26,984970.975339
2012-05-27,944090.745278
2012-05-28,1000086.447168
2012-05-29,1088528.181494
2012-05-30,1033718.6136
2012-05-31,954538.383586
2012-06-01,959356.935979
2012-06-02,998687.772613
2012-06-03,1009231.017398
2012-06-04,1089189.297058
2012-06-05,1099911.900767
2012-06-06,1062198.407769
2012-06-07,943401.862928
2012-06-08,949215.360852
2012-06-09,988136.844148
2012-06-10,1042578.794397
2012-06-11,1169520.693608
2012-06-12,1045968.836463
2012-06-13,1034213.744649
2012-06-14,1105096.087073
2012-06-15,1080842.013967
2012-06-16,1010012.045065
2012-06-17,978615.938356
2012-06-18,1065249.371677
2012-06-19,1028135.315015
2012-06-20,1026910.03964
2012-06-21,1057218.846793
2012-06-22,1089635.66504
2012-06-23,1072892.680708
2012-06-24,1098595.250312
2012-06-25,1209380.356451
2012-06-26,1257415.031667
2012-06-27,1240672.050569
2012-06-28,1185771.922971
2012-06-29,1137220.280913
2012-06-30,1024174.838725
2012-07-01,950297.042246
2012-07-02,1082887.314211
2012-07-03,1095770.00802
2012-07-04,1061411.831345
2012-07-05,1128415.124655
2012-07-06,1135762.828253
2012-07-07,1050853.393841
2012-07-08,998258.70919
2012-07-09,1048684.071414
2012-07-10,999661.04239
2012-07-11,989038.116379
2012-07-12,1024985.160955
2012-07-13,1033775.006322
2012-07-14,1013034.819555
2012-07-15,947142.188714
2012-07-16,1054556.756692
2012-07-17,1080603.519418
2012-07-18,1109895.105047
2012-07-19,1144516.224049
2012-07-20,1157300.409782
2012-07-21,1141522.138178
2012-07-22,1094503.456404
2012-07-23,1127766.96422
2012-07-24,1154618.397675
2012-07-25,1178908.439312
2012-07-26,1169189.890948
2012-07-27,1153676.396574
2012-07-28,1143357.689295
2012-07-29,1140494.69266
2012-07-30,1222218.353031
2012-07-31,1238590.360439
2012-08-01,1247655.398844
2012-08-02,1238638.978211
2012-08-03,1224613.426608
2012-08-04,1165303.954265
2012-08-05,1103740.961084
2012-08-06,1200400.071499
2012-08-07,1214332.139797
2012-08-08,1161102.602259
2012-08-09,1227929.913562
2012-08-10,1178036.780672
2012-08-11,1117763.370133
2012-08-12,1137115.126358
2012-08-13,1210405.618841
2012-08-14,1208845.027427
2012-08-15,1158267.584585
2012-08-16,1155693.658459
2012-08-17,1172916.013942
2012-08-18,994718.996794
2012-08-19,952104.160633
2012-08-20,1064945.06975
2012-08-21,980254.66474
2012-08-22,1029308.461326
2012-08-23,1069842.048461
2012-08-24,1085811.594913
2012-08-25,1050224.918258
2012-08-26,1016750.553787
2012-08-27,1116151.281171
2012-08-28,1132054.515159
2012-08-29,1122608.4692
2012-08-30,1153781.167953
2012-08-31,1170958.533735
2012-09-01,1085533.323489
2012-09-02,1099391.666595
2012-09-03,1137595.567296
2012-09-04,1200449.441232
2012-09-05,1200731.507232
2012-09-06,1201100.405803
2012-09-07,1200397.407469
2012-09-08,942999.721628
2012-09-09,878678.068005
2012-09-10,966610.512845
2012-09-11,999965.794614
2012-09-12,1057897.569181
2012-09-13,963148.242891
2012-09-14,843359.796447
2012-09-15,816944.0615
2012-09-16,783972.089804
2012-09-17,882408.061713
2012-09-18,891172.378441
2012-09-19,884357.407732
2012-09-20,921381.41631
2012-09-21,933662.367913
2012-09-22,925013.501351
2012-09-23,940202.085051
2012-09-24,1027374.087152
2012-09-25,1033748.639408
2012-09-26,1033743.040724
2012-09-27,1002372.165769
2012-09-28,939195.580283
2012-09-29,811488.080203
2012-09-30,730801.403506
2012-10-01,797338.098965
2012-10-02,800906.914507
2012-10-03,841251.824202
2012-10-04,915827.712531
2012-10-05,898949.080196
2012-10-06,747692.748154
2012-10-07,666980.2333
2012-10-08,719475.126015
2012-10-09,781880.163538
2012-10-10,862647.393517
2012-10-11,907569.734413
2012-10-12,930433.466988
2012-10-13,874717.359955
2012-10-14,813841.484292
2012-10-15,800986.619142
2012-10-16,771168.528149
2012-10-17,878447.730563
2012-10-18,784498.005957
2012-10-19,748720.417716
2012-10-20,784701.503849
2012-10-21,885477.084092
2012-10-22,920091.557987
2012-10-23,904343.015423
2012-10-24,902774.519274
2012-10-25,881055.779791
2012-10-26,727078.107603
2012-10-27,682545.862583
2012-10-28,672147.721358
2012-10-29,733247.709063
2012-10-30,732851.011227
2012-10-31,761413.288214
2012-11-01,798118.719314
2012-11-02,812811.006139
2012-11-03,779557.688007
2012-11-04,743863.924878
2012-11-05,787182.553702
2012-11-06,735602.089194
2012-11-07,744120.153199
2012-11-08,768549.843583
2012-11-09,788037.554147
2012-11-10,755141.497672
2012-11-11,732672.089169
2012-11-12,756814.452407
2012-11-13,772684.612447
2012-11-14,761290.650639
2012-11-15,757343.749915
2012-11-16,746061.393125
2012-11-17,708906.671354
2012-11-18,678362.987564
2012-11-19,720451.633984
2012-11-20,737984.935056
2012-11-21,731023.024785
2012-11-22,661163.833656
2012-11-23,668643.392386
2012-11-24,681156.766174
2012-11-25,672798.106224
2012-11-26,760359.644694
2012-11-27,774792.757265
2012-11-28,772799.956707
2012-11-29,748809.455333
2012-11-30,739733.890072
2012-12-01,735335.801451
2012-12-02,743622.71485
2012-12-03,795599.505871
2012-12-04,765115.438181
2012-12-05,746609.628289
2012-12-06,742060.828058
2012-12-07,755800.626892
2012-12-08,734194.496582
2012-12-09,740717.243026
2012-12-10,890770.065501
2012-12-11,921149.398931
2012-12-12,884467.104574
2012-12-13,819018.626153
2012-12-14,764720.461264
2012-12-15,719894.703135
2012-12-16,706133.702485
2012-12-17,771364.615711
2012-12-18,772708.979135
2012-12-19,794364.419748
2012-12-20,862582.777716
2012-12-21,851974.290163
2012-12-22,736419.048944
2012-12-23,694867.209319
2012-12-24,741793.656037
2012-12-25,831786.981863
2012-12-26,999618.712051
2012-12-27,920291.250162
2012-12-28,901292.706969
2012-12-29,920670.832648
2012-12-30,869991.548333
2012-12-31,792397.140468
2013-01-01,808359.35943
2013-01-02,987676.216829
2013-01-03,949665.097731
2013-01-04,925952.316539
2013-01-05,856694.347095
2013-01-06,836538.984753
2013-01-07,878783.172788
2013-01-08,832641.708278
2013-01-09,793496.74793
2013-01-10,774581.418854
2013-01-11,749388.60619
2013-01-12,753654.320824
2013-01-13,874234.184295
2013-01-14,986351.000945
2013-01-15,1075198.800693
2013-01-16,990803.982812
2013-01-17,889114.707983
2013-01-18,845721.786721
2013-01-19,755317.233193
2013-01-20,716706.198304
2013-01-21,786760.893187
2013-01-22,771700.766311
2013-01-23,738746.300422
2013-01-24,741785.334692
2013-01-25,764845.751514
2013-01-26,725441.926314
2013-01-27,687910.367728
2013-01-28,766174.67818
2013-01-29,765798.725778
2013-01-30,813993.440465
2013-01-31,807515.081291
2013-02-01,773952.6559
2013-02-02,700190.0064
2013-02-03,680227.65189
2013-02-04,726358.28701
2013-02-05,744143.902794
2013-02-06,732914.494677
2013-02-07,734060.478975
2013-02-08,728485.01867
2013-02-09,720580.022662
2013-02-10,681285.931852
2013-02-11,773230.571608
2013-02-12,789669.655826
2013-02-13,799059.873729
2013-02-14,774254.997807
2013-02-15,814423.815644
2013-02-16,768300.839817
2013-02-17,702520.815812
2013-02-18,734682.79086
2013-02-19,752686.192187
2013-02-20,814049.264303
2013-02-21,772195.786895
2013-02-22,807778.949752
2013-02-23,746380.903735
2013-02-24,695489.176778
2013-02-25,795644.707032
2013-02-26,804207.264239
2013-02-27,807480.353411
2013-02-28,830389.609899
2013-03-01,813737.586506
2013-03-02,791986.648046
2013-03-03,718316.207347
2013-03-04,749944.054862
2013-03-05,775080.740201
2013-03-06,799021.120538
2013-03-07,759304.967141
2013-03-08,735848.731835
2013-03-09,670536.452949
2013-03-10,668383.315168
2013-03-11,781313.086689
2013-03-12,753888.692606
2013-03-13,735466.970891
2013-03-14,728581.930572
2013-03-15,725059.290345
2013-03-16,707322.062274
2013-03-17,715810.324021
2013-03-18,803233.023365
2013-03-19,771167.793482
2013-03-20,736065.630463
2013-03-21,741439.891608
2013-03-22,795113.051799
2013-03-23,743465.571357
2013-03-24,734245.487366
2013-03-25,820877.663205
2013-03-26,800603.770773
2013-03-27,761889.114579
2013-03-28,728756.162221
2013-03-29,714883.683947
2013-03-30,717653.517923
2013-03-31,696292.116268
2013-04-01,787247.080096
2013-04-02,760989.874302
2013-04-03,772790.804623
2013-04-04,794476.401253
2013-04-05,746425.137678
2013-04-06,698400.785055
2013-04-07,712531.777369
2013-04-08,802988.883368
2013-04-09,853213.437661
2013-04-10,807222.180209
2013-04-11,761677.065863
2013-04-12,751082.224089
2013-04-13,698518.795655
2013-04-14,753408.087491
2013-04-15,885506.497091
2013-04-16,911184.533422
2013-04-17,902143.611166
2013-04-18,770371.063927
2013-04-19,745574.570141
2013-04-20,694890.821143
2013-04-21,686451.065941
2013-04-22,791151.657017
2013-04-23,794250.394335
2013-04-24,752277.345846
2013-04-25,737039.349713
2013-04-26,779567.889949
2013-04-27,743999.17167
2013-04-28,754906.647971
2013-04-29,848680.048238
2013-04-30,863695.775409
2013-05-01,897071.775172
2013-05-02,785219.462647
2013-05-03,744800.894757
2013-05-04,700831.891633
2013-05-05,684613.199766
2013-05-06,758376.651135
2013-05-07,825706.232368
2013-05-08,856982.411774
2013-05-09,826651.560264
2013-05-10,828497.490965
2013-05-11,776957.740644
2013-05-12,725083.856464
2013-05-13,831350.724105
2013-05-14,876179.108976
2013-05-15,856635.309662
2013-05-16,911598.563896
2013-05-17,1003156.200126
2013-05-18,979810.203313
2013-05-19,958232.077318
2013-05-20,1038051.129647
2013-05-21,954389.711711
2013-05-22,952762.400793
2013-05-23,1000925.081937
2013-05-24,938940.414512
2013-05-25,846880.521112
2013-05-26,884368.709482
2013-05-27,925632.94449
2013-05-28,990708.393783
2013-05-29,972609.87116
2013-05-30,1038177.706755
2013-05-31,1088311.310359
2013-06-01,1016800.574532
2013-06-02,876400.252461
2013-06-03,1003373.780629
2013-06-04,1064558.303028
2013-06-05,1080326.820741
2013-06-06,1003754.317486
2013-06-07,925927.243688
2013-06-08,915647.181637
2013-06-09,911543.59233
2013-06-10,1080183.026762
2013-06-11,1089749.273216
2013-06-12,1105291.244362
2013-06-13,1119994.796863
2013-06-14,1101944.353097
2013-06-15,1022357.482563
2013-06-16,1068018.960048
2013-06-17,1115600.346834
2013-06-18,1050262.874471
2013-06-19,1099764.49427
2013-06-20,1135017.839585
2013-06-21,1133178.758498
2013-06-22,1091395.069313
2013-06-23,1070339.790172
2013-06-24,1158426.474733
2013-06-25,1177465.644434
2013-06-26,1201084.2456
2013-06-27,1206443.359869
2013-06-28,1194424.666263
2013-06-29,1162149.306338
2013-06-30,1017934.646635
2013-07-01,1000994.798743
2013-07-02,1000418.958102
2013-07-03,1017914.544495
2013-07-04,981609.664424
2013-07-05,1067359.091022
2013-07-06,1066188.827506
2013-07-07,1055869.570662
2013-07-08,1100856.864578
2013-07-09,1171709.614233
2013-07-10,1208351.177544
2013-07-11,1185429.983728
2013-07-12,1190657.757189
2013-07-13,1148378.921557
2013-07-14,945911.849233
2013-07-15,916689.998297
2013-07-16,974973.644639
2013-07-17,962898.04978
2013-07-18,1060477.351985
2013-07-19,1035220.839477
2013-07-20,1007688.168954
2013-07-21,1035396.255611
2013-07-22,1178942.132786
2013-07-23,1192750.373196
2013-07-24,1153145.524077
2013-07-25,1172377.217621
2013-07-26,1138655.300089
2013-07-27,1038902.454703
2013-07-28,1057518.899144
2013-07-29,1168217.84437
2013-07-30,1181654.739621
2013-07-31,1211360.707497
2013-08-01,1240777.995056
2013-08-02,1217477.079853
2013-08-03,1172637.360613
2013-08-04,1157518.852253
2013-08-05,1244743.618572
2013-08-06,1256038.044753
2013-08-07,1265655.567059
2013-08-08,1236806.787242
2013-08-09,1210945.483585
2013-08-10,1124695.719133
2013-08-11,1110071.573399
2013-08-12,1208972.464023
2013-08-13,1213507.046563
2013-08-14,1135650.233013
2013-08-15,1072724.958363
2013-08-16,1056907.463416
2013-08-17,1000558.589792
2013-08-18,1000269.4858
2013-08-19,1097556.541494
2013-08-20,1081150.913501
2013-08-21,1122079.191882
2013-08-22,1165608.069222
2013-08-23,1183334.783669
2013-08-24,1146358.212466
2013-08-25,1080638.514537
2013-08-26,1069707.661813
2013-08-27,1064816.968685
2013-08-28,1140507.17804
2013-08-29,1193464.701226
2013-08-30,1203064.965006
2013-08-31,1153144.957111
2013-09-01,1140003.40108
2013-09-02,1095776.177824
2013-09-03,1178857.094507
2013-09-04,1181507.552439
2013-09-05,1164545.387491
2013-09-06,1148214.975802
2013-09-07,1068293.911173
2013-09-08,1032746.820402
2013-09-09,1088616.69117
2013-09-10,1058338.549032
2013-09-11,1091404.114038
2013-09-12,1114164.881025
2013-09-13,1112241.280244
2013-09-14,1045503.22173
2013-09-15,1029881.201771
2013-09-16,1089795.316558
2013-09-17,1079650.713462
2013-09-18,1112724.87737
2013-09-19,1060405.929684
2013-09-20,922727.77474
2013-09-21,815880.549035
2013-09-22,809689.772011
2013-09-23,923974.201059
2013-09-24,1008910.17051
2013-09-25,1014402.139524
2013-09-26,1034784.595648
2013-09-27,1042864.174562
2013-09-28,943288.148749
2013-09-29,842306.588835
2013-09-30,946945.183595
2013-10-01,1003041.996738
2013-10-02,1020589.250861
2013-10-03,1048656.525087
2013-10-04,1039486.210768
2013-10-05,869711.296203
2013-10-06,704500.169912
2013-10-07,782154.070102
2013-10-08,798305.214678
2013-10-09,840926.181791
2013-10-10,896448.344447
2013-10-11,955526.023779
2013-10-12,931072.656961
2013-10-13,802613.529397
2013-10-14,892588.695964
2013-10-15,877554.236164
2013-10-16,768069.356442
2013-10-17,759698.399581
2013-10-18,751949.982025
2013-10-19,690296.828703
2013-10-20,684781.176367
2013-10-21,773217.753491
2013-10-22,754617.15679
2013-10-23,766278.25589
2013-10-24,779916.505456
2013-10-25,755619.925049
2013-10-26,735790.063189
2013-10-27,719182.22255
2013-10-28,834815.924002
2013-10-29,873337.060347
2013-10-30,880936.268854
2013-10-31,810528.422985
2013-11-01,768823.905943
2013-11-02,717090.742889
2013-11-03,714575.984082
2013-11-04,755574.860695
2013-11-05,798843.806187
2013-11-06,783322.970769
2013-11-07,755865.76648
2013-11-08,738807.13641
2013-11-09,691156.220558
2013-11-10,687914.312536
2013-11-11,754922.595759
2013-11-12,811645.611417
2013-11-13,868064.426466
2013-11-14,820565.96415
2013-11-15,755118.199643
2013-11-16,751313.491821
2013-11-17,797806.788268
2013-11-18,783515.377109
2013-11-19,746804.052229
2013-11-20,769905.815231
2013-11-21,825105.382018
2013-11-22,926475.810119
2013-11-23,939471.656254
2013-11-24,962095.13513
2013-11-25,1026138.511245
2013-11-26,991768.648477
2013-11-27,976110.982387
2013-11-28,858925.681948
2013-11-29,801858.028376
2013-11-30,723526.628344
2013-12-01,696823.002684
2013-12-02,769036.111408
2013-12-03,777761.966692
2013-12-04,792650.496514
2013-12-05,980868.419189
2013-12-06,1130113.344012
2013-12-07,1158665.692471
2013-12-08,1006271.679392
2013-12-09,1098418.57442
2013-12-10,1100127.658632
2013-12-11,1027721.633956
2013-12-12,980368.094448
2013-12-13,927941.385075
2013-12-14,921163.197767
2013-12-15,896210.399574
2013-12-16,894045.92406
2013-12-17,848885.761533
2013-12-18,815218.549538
2013-12-19,778779.193799
2013-12-20,823191.978297
2013-12-21,810375.7778
2013-12-22,878440.824265
2013-12-23,970824.305325
2013-12-24,897487.508007
2013-12-25,796807.91311
2013-12-26,871286.561729
2013-12-27,860501.500679
2013-12-28,806473.16597
2013-12-29,874298.800191
2013-12-30,1013040.930116
2013-12-31,943073.299623
2014-01-01,809987.142779
2014-01-02,1013442.553411
2014-01-03,976433.306227
2014-01-04,787798.776879
2014-01-05,985876.459603
2014-01-06,1246510.614889
2014-01-07,1098116.894363
2014-01-08,937817.052064
2014-01-09,844155.153967
2014-01-10,771478.567328
2014-01-11,753213.545278
2014-01-12,730080.248488
2014-01-13,793600.472822
2014-01-14,837646.540011
2014-01-15,871097.339142
2014-01-16,838310.942358
2014-01-17,857176.088744
2014-01-18,786140.219003
2014-01-19,757425.439547
2014-01-20,785644.546591
2014-01-21,872846.78078
2014-01-22,866416.102278
2014-01-23,1086092.819686
2014-01-24,1154495.122733
2014-01-25,876495.125506
2014-01-26,747345.007453
2014-01-27,982952.486003
2014-01-28,1190348.806683
2014-01-29,1114443.136785
2014-01-30,927276.774228
2014-01-31,766345.398196
2014-02-01,758036.785215
2014-02-02,970888.943704
2014-02-03,1024132.569387
2014-02-04,952610.131305
2014-02-05,1124870.317308
2014-02-06,1259193.370638
2014-02-07,1163987.472635
2014-02-08,903555.970153
2014-02-09,823555.553233
2014-02-10,1049568.398485
2014-02-11,1181655.999497
2014-02-12,1007295.074328
2014-02-13,882466.090366
2014-02-14,795212.682294
2014-02-15,735547.169633
2014-02-16,699003.768346
2014-02-17,756592.838241
2014-02-18,769377.320348
2014-02-19,765621.539234
2014-02-20,773584.095646
2014-02-21,765084.605712
2014-02-22,705560.149232
2014-02-23,713773.336305
2014-02-24,779818.422404
2014-02-25,827936.002101
2014-02-26,984218.811386
2014-02-27,905676.550103
2014-02-28,783911.599521
2014-03-01,729950.872968
2014-03-02,981081.904331
2014-03-03,1148378.749849
2014-03-04,1032190.089516
2014-03-05,905116.367664
2014-03-06,856799.749275
2014-03-07,807919.164475
2014-03-08,763810.055168
2014-03-09,764184.803899
2014-03-10,777797.84386
2014-03-11,749527.035638
2014-03-12,764316.401445
2014-03-13,778343.197418
2014-03-14,744418.295132
2014-03-15,704899.14833
2014-03-16,759170.84855
2014-03-17,812272.956184
2014-03-18,777827.022862
2014-03-19,757615.284286
2014-03-20,767963.717331
2014-03-21,758948.124454
2014-03-22,735229.051944
2014-03-23,722766.798923
2014-03-24,772550.451332
2014-03-25,763511.365347
2014-03-26,781436.359669
2014-03-27,777222.732553
2014-03-28,795601.769139
2014-03-29,704441.567886
2014-03-30,697068.171503
2014-03-31,784236.615512
2014-04-01,827740.890161
2014-04-02,858843.690723
2014-04-03,853287.218796
2014-04-04,741459.687839
2014-04-05,700838.934131
2014-04-06,717319.134405
2014-04-07,755849.530191
2014-04-08,747351.75181
2014-04-09,771159.711648
2014-04-10,799497.036031
2014-04-11,818286.754974
2014-04-12,793501.985127
2014-04-13,772228.832909
2014-04-14,788504.287241
2014-04-15,775202.917211
2014-04-16,757558.773553
2014-04-17,741464.75801
2014-04-18,737914.93748
2014-04-19,721903.609243
2014-04-20,707775.223192
2014-04-21,817393.76012
2014-04-22,859455.104021
2014-04-23,882767.384843
2014-04-24,874472.277163
2014-04-25,871763.814432
2014-04-26,843834.200509
2014-04-27,897369.628062
2014-04-28,920710.318995
2014-04-29,830803.101104
2014-04-30,759300.521026
2014-05-01,753404.904913
2014-05-02,771166.172973
2014-05-03,797049.142045
2014-05-04,824323.949125
2014-05-05,917000.084351
2014-05-06,933535.326742
2014-05-07,941826.599235
2014-05-08,896335.571428
2014-05-09,899527.455608
2014-05-10,900063.415583
2014-05-11,938052.3415
2014-05-12,937913.267606
2014-05-13,767270.329371
2014-05-14,745986.747686
2014-05-15,788412.004826
2014-05-16,830730.285096
2014-05-17,817677.845017
2014-05-18,834924.851374
2014-05-19,927193.519703
2014-05-20,964643.230591
2014-05-21,978888.284278
2014-05-22,976130.528773
2014-05-23,926938.913227
2014-05-24,897177.705162
2014-05-25,866550.889656
2014-05-26,824404.816331
2014-05-27,864478.432885
2014-05-28,919980.82662
2014-05-29,978524.343326
2014-05-30,999066.848181
2014-05-31,953107.428309
2014-06-01,981498.725491
2014-06-02,1073513.715081
2014-06-03,1076396.496227
2014-06-04,1100963.564226
2014-06-05,1101714.518021
2014-06-06,1100291.355783
2014-06-07,1080302.928153
2014-06-08,997428.498021
2014-06-09,975060.775162
2014-06-10,995835.91324
2014-06-11,1095384.595171
2014-06-12,1079274.269586
2014-06-13,1072903.132166
2014-06-14,1032015.71538
2014-06-15,1061031.804187
2014-06-16,1151203.93594
2014-06-17,1150122.392801
2014-06-18,1118859.648288
2014-06-19,1107994.279908
2014-06-20,1090448.473944
2014-06-21,1027764.632914
2014-06-22,959253.734771
2014-06-23,1034187.807889
2014-06-24,1023667.998588
2014-06-25,956839.711898
2014-06-26,1002710.856986
2014-06-27,1068530.385874
2014-06-28,1055738.860225
2014-06-29,1096723.816666
2014-06-30,1153323.430497
2014-07-01,1139927.966502
2014-07-02,1125371.207195
2014-07-03,1052194.264325
2014-07-04,1005522.217495
2014-07-05,997524.189651
2014-07-06,1033400.694211
2014-07-07,1146899.329873
2014-07-08,1164311.759389
2014-07-09,1160671.547225
2014-07-10,1133143.619642
2014-07-11,1121322.889325
2014-07-12,1107132.55203
2014-07-13,1140337.144969
2014-07-14,1179492.531083
2014-07-15,1084408.177012
2014-07-16,1085451.264938
2014-07-17,1006769.767927
2014-07-18,940117.764211
2014-07-19,939024.102796
2014-07-20,1053296.475842
2014-07-21,1191916.21152
2014-07-22,1197390.552587
2014-07-23,1176786.734642
2014-07-24,1150960.064146
2014-07-25,1193735.399111
2014-07-26,1181768.701861
2014-07-27,1187895.696276
2014-07-28,1206072.564007
2014-07-29,1094419.142209
2014-07-30,1120296.244684
2014-07-31,1079749.627443
2014-08-01,1010531.861711
2014-08-02,953681.074699
2014-08-03,1011006.912938
2014-08-04,1124599.388705
2014-08-05,1161807.814422
2014-08-06,1211510.562562
2014-08-07,1239601.437303
2014-08-08,1239480.61249
2014-08-09,1171836.001333
2014-08-10,1160801.627324
2014-08-11,1190954.239687
2014-08-12,1163626.604797
2014-08-13,1136857.102926
2014-08-14,1153673.672972
2014-08-15,1208907.009671
2014-08-16,1169556.560347
2014-08-17,1086922.535698
2014-08-18,1167774.062002
2014-08-19,1170597.531998
2014-08-20,1213137.883943
2014-08-21,1248139.033532
2014-08-22,1243578.310433
2014-08-23,1185699.894265
2014-08-24,1189021.840803
2014-08-25,1256787.482699
2014-08-26,1228996.351744
2014-08-27,1190322.269181
2014-08-28,1172568.804546
2014-08-29,1116133.862871
2014-08-30,1083960.521659
2014-08-31,1068505.33295
2014-09-01,1161813.298549
2014-09-02,1216212.249782
2014-09-03,1185714.289655
2014-09-04,1166140.302402
2014-09-05,1158606.229808
2014-09-06,1081044.756893
2014-09-07,986722.829539
2014-09-08,1135503.133746
2014-09-09,1188149.986608
2014-09-10,1228106.745542
2014-09-11,1149147.885293
2014-09-12,968513.243465
2014-09-13,782647.853777
2014-09-14,816878.056699
2014-09-15,1008841.710691
2014-09-16,1066167.347244
2014-09-17,1070748.447678
2014-09-18,1022769.359481
2014-09-19,1007072.27361
2014-09-20,999408.145671
2014-09-21,1012055.382269
2014-09-22,1029968.769581
2014-09-23,934655.037193
2014-09-24,917360.263099
2014-09-25,926850.402245
2014-09-26,941956.640319
2014-09-27,876203.87117
2014-09-28,906952.8094
2014-09-29,1002001.577045
2014-09-30,1041836.355147
2014-10-01,1104577.304352
2014-10-02,1077739.483791
2014-10-03,887594.603449
2014-10-04,774968.904924
2014-10-05,851199.165783
2014-10-06,958144.270954
2014-10-07,1052038.029306
2014-10-08,1047014.97027
2014-10-09,1060245.356515
2014-10-10,1050056.4728
2014-10-11,798006.103032
2014-10-12,803762.274528
2014-10-13,824729.109296
2014-10-14,774249.29334
2014-10-15,809686.35264
2014-10-16,851049.322982
2014-10-17,885910.78063
2014-10-18,846553.763505
2014-10-19,795466.612167
2014-10-20,865578.334608
2014-10-21,852937.85417
2014-10-22,858688.693137
2014-10-23,841199.343304
2014-10-24,849955.831855
2014-10-25,838697.262402
2014-10-26,828605.158412
2014-10-27,899631.733133
2014-10-28,881011.166672
2014-10-29,847982.56959
2014-10-30,827976.195667
2014-10-31,756928.60087
2014-11-01,724823.506548
2014-11-02,736199.109435
2014-11-03,796834.691713
2014-11-04,816219.550412
2014-11-05,792114.342806
2014-11-06,769974.516235
2014-11-07,753847.138952
2014-11-08,718113.410651
2014-11-09,712068.468314
2014-11-10,785626.440071
2014-11-11,831902.509326
2014-11-12,963331.215102
2014-11-13,1068138.098491
2014-11-14,994219.958742
2014-11-15,886645.164884
2014-11-16,935746.474305
2014-11-17,1060390.376764
2014-11-18,984992.452514
2014-11-19,865288.920925
2014-11-20,795631.954109
2014-11-21,774496.714342
2014-11-22,739468.949151
2014-11-23,734715.483671
2014-11-24,822059.081331
2014-11-25,847828.059435
2014-11-26,814266.48739
2014-11-27,759979.120876
2014-11-28,742989.585993
2014-11-29,724793.900227
2014-11-30,739432.232697
2014-12-01,914302.561224
2014-12-02,917376.982924
2014-12-03,824490.207854
2014-12-04,796466.283713
2014-12-05,803852.988159
2014-12-06,757587.920033
2014-12-07,776759.854876
2014-12-08,834563.037345
2014-12-09,835831.430055
2014-12-10,820899.395192
2014-12-11,796225.05851
2014-12-12,779228.776152
2014-12-13,742608.362417
2014-12-14,745083.674965
2014-12-15,813378.212533
2014-12-16,842472.281592
2014-12-17,876570.224477
2014-12-18,847018.765937
2014-12-19,854840.144347
2014-12-20,823442.959252
2014-12-21,794587.982032
2014-12-22,793871.637787
2014-12-23,866179.891507
2014-12-24,875436.380267
2014-12-25,781732.79232
2014-12-26,746006.979497
2014-12-27,857533.619511
2014-12-28,938390.32985
2014-12-29,921360.955363
2014-12-30,970891.638662
2014-12-31,1051431.54140589
2015-01-01,999491.101740425
2015-01-02,975418.744329412
2015-01-03,872856.098206223
2015-01-04,970446.761934141
2015-01-05,1039090.66163409
2015-01-06,913963.923791158
2015-01-07,1079728.28470306
2015-01-08,1154974.96920803
2015-01-09,1151989.86259008
2015-01-10,1115520.39539008
2015-01-11,968700.418669094
2015-01-12,1041104.96219112
2015-01-13,1087645.52291024
2015-01-14,1077957.1449093
2015-01-15,984157.134103167
2015-01-16,915600.288098136
2015-01-17,803091.518283169
2015-01-18,777646.490399133
2015-01-19,814038.634917233
2015-01-20,801906.483995158
2015-01-21,827874.258529157
2015-01-22,975702.229700098
2015-01-23,1001017.30926307
2015-01-24,872920.717451094
2015-01-25,797698.99225719
2015-01-26,826780.423052157
2015-01-27,793089.866148258
2015-01-28,777493.558413192
2015-01-29,780793.088586194
2015-01-30,809742.337607155
2015-01-31,788049.391497182
2015-02-01,787378.031369161
2015-02-02,985453.135616127
2015-02-03,978098.219176119
2015-02-04,905132.309432155
2015-02-05,1022411.68138821
2015-02-06,901086.229637134
2015-02-07,769317.950435155
2015-02-08,718659.893950203
2015-02-09,779536.358646268
2015-02-10,771863.586803152
2015-02-11,778503.556966153
2015-02-12,825321.595949228
2015-02-13,801469.442424224
2015-02-14,729309.265200179
2015-02-15,715362.761302176
2015-02-16,991213.349260099
2015-02-17,986112.241488134
2015-02-18,896409.105214155
2015-02-19,847405.424108146
2015-02-20,774313.116849193
2015-02-21,738387.449998189
2015-02-22,885501.008121142
2015-02-23,1176151.07542526
2015-02-24,1124161.38919027
2015-02-25,986231.996511098
2015-02-26,1058804.72984306
2015-02-27,1166467.13150816
2015-02-28,1074203.93505827
2015-03-01,977579.140283268
2015-03-02,992560.15342124
2015-03-03,869500.00438222
2015-03-04,977636.381441074
2015-03-05,1107759.6352171
2015-03-06,984500.72708507
2015-03-07,790337.204496157
2015-03-08,781164.754601176
2015-03-09,849870.087138223
2015-03-10,804970.247488262
2015-03-11,799649.772038201
2015-03-12,775803.517008302
2015-03-13,756258.5871012
2015-03-14,715689.365288229
2015-03-15,698823.623951337
2015-03-16,762752.034875155
2015-03-17,787997.131018164
2015-03-18,775225.10047022
2015-03-19,785301.48835813
2015-03-20,786345.629329226
2015-03-21,724524.648937394
2015-03-22,709547.088616236
2015-03-23,785960.964403177
2015-03-24,805483.27045614
2015-03-25,817794.594284167
2015-03-26,758876.00598317
2015-03-27,760853.834994194
2015-03-28,731373.294699176
2015-03-29,746405.154701173
2015-03-30,817879.35883116
2015-03-31,847225.953802128
2015-04-01,844685.909475154
2015-04-02,893354.194989143
2015-04-03,822993.484719176
2015-04-04,707219.445855212
2015-04-05,700789.509716222
2015-04-06,851493.759587174
2015-04-07,907411.094539144
2015-04-08,882689.355317139
2015-04-09,903430.321345118
2015-04-10,779336.371978155
2015-04-11,747337.283513158
2015-04-12,782211.128124165
2015-04-13,863840.695750174
2015-04-14,787807.418432247
2015-04-15,819212.205265141
2015-04-16,841773.718511133
2015-04-17,818616.43850614
2015-04-18,766705.717751122
2015-04-19,782147.224792128
2015-04-20,766173.548874191
2015-04-21,793861.94392916
2015-04-22,849281.097494109
2015-04-23,896083.895323115
2015-04-24,882480.037807129
2015-04-25,859448.679804103
2015-04-26,856725.46473415
2015-04-27,850722.895079151
2015-04-28,766960.566291187
2015-04-29,769384.517869281
2015-04-30,813330.372688149
2015-05-01,830746.059509154
2015-05-02,803857.471084147
2015-05-03,807729.881068143
2015-05-04,894043.644944124
2015-05-05,888025.399750128
2015-05-06,937628.549647095
2015-05-07,946450.534136101
2015-05-08,957481.84127615
2015-05-09,932855.417048166
2015-05-10,883114.658128217
2015-05-11,872607.294636167
2015-05-12,816472.737766184
2015-05-13,829804.417176149
2015-05-14,918057.536751118
2015-05-15,884473.804920145
2015-05-16,930673.636485127
2015-05-17,870311.658879174
2015-05-18,1015489.30160809
2015-05-19,994166.912599091
2015-05-20,1002095.30339511
2015-05-21,845273.401751117
2015-05-22,851313.985518163
2015-05-23,864534.172294134
2015-05-24,814605.855834131
2015-05-25,857762.740928189
2015-05-26,934501.169391122
2015-05-27,985983.721151068
2015-05-28,1028045.99006006
2015-05-29,956901.555505132
2015-05-30,879369.276850061
2015-05-31,857253.439226217
2015-06-01,973478.728633076
2015-06-02,1025040.30069705
2015-06-03,1052941.24578704
2015-06-04,1070960.74256002
2015-06-05,1077494.46474103
2015-06-06,1045875.01303805
2015-06-07,1042384.31128403
2015-06-08,1132027.1017111
2015-06-09,1142341.22892207
2015-06-10,1168285.496877
2015-06-11,1169768.52225
2015-06-12,1152824.48912204
2015-06-13,1054063.57229605
2015-06-14,1006232.36160409
2015-06-15,1085415.31764618
2015-06-16,997384.956977135
2015-06-17,998826.970510187
2015-06-18,1066089.05531813
2015-06-19,1083360.31152908
2015-06-20,999272.195821073
2015-06-21,974010.678317058
2015-06-22,1107344.59942806
2015-06-23,1138722.88516002
2015-06-24,1163503.078398
2015-06-25,1177340.875192
2015-06-26,1155762.42264105
2015-06-27,1052526.47538908
2015-06-28,1024120.79728217
2015-06-29,1149657.91901702
2015-06-30,1091502.87692506
2015-07-01,1056743.69669804
2015-07-02,1094856.62731505
2015-07-03,1072250.24577705
2015-07-04,1068543.90408604
2015-07-05,1098002.55985505
2015-07-06,1175240.95223204
2015-07-07,1147738.54582113
2015-07-08,1120540.65991313
2015-07-09,1162474.38606304
2015-07-10,1157015.06766405
2015-07-11,1128209.64021302
2015-07-12,1144479.118371
2015-07-13,1227844.13837796
2015-07-14,1225212.92897397
2015-07-15,1214822.78278197
2015-07-16,1219271.53342497
2015-07-17,1226184.74949098
2015-07-18,1206014.29012998
2015-07-19,1191547.10165496
2015-07-20,1258187.29879991
2015-07-21,1240177.58500697
2015-07-22,1252194.54760192
2015-07-23,1264268.53485392
2015-07-24,1253682.71739391
2015-07-25,1212089.82388393
2015-07-26,1220263.72304796
2015-07-27,1278514.86702292
2015-07-28,1273345.4819089
2015-07-29,1279213.13178992
2015-07-30,1284518.28203489
2015-07-31,1241077.34460296
2015-08-01,1143447.44320097
2015-08-02,1145274.12261691
2015-08-03,1236671.24820891
2015-08-04,1260653.5830439
2015-08-05,1311723.83646383
2015-08-06,1314110.81590083
2015-08-07,1304601.14906785
2015-08-08,1261683.59979288
2015-08-09,1239665.33981488
2015-08-10,1306604.93732783
2015-08-11,1292939.94903989
2015-08-12,1283594.32844392
2015-08-13,1272871.96657192
2015-08-14,1238649.12070892
2015-08-15,1153346.65914094
2015-08-16,1124042.15694497
2015-08-17,1212220.24252892
2015-08-18,1248343.25616792
2015-08-19,1158216.44773999
2015-08-20,953298.191593074
2015-08-21,1072710.81632596
2015-08-22,1155432.67522397
2015-08-23,1183266.27308596
2015-08-24,1241311.28609403
2015-08-25,1153428.47603006
2015-08-26,1140177.80578603
2015-08-27,1135108.54827997
2015-08-28,1127901.58228996
2015-08-29,1068484.28559004
2015-08-30,1054949.02450305
2015-08-31,1126438.10829995
2015-09-01,1103746.77089097
2015-09-02,1129911.47002495
2015-09-03,1154068.23881095
2015-09-04,1175535.33656395
2015-09-05,1128336.44945996
2015-09-06,1152785.97785092
2015-09-07,1190868.75263089
2015-09-08,1230483.7572769
2015-09-09,1099463.38749404
2015-09-10,1106912.19795509
2015-09-11,1043696.91155802
2015-09-12,939523.502759075
2015-09-13,913906.039102044
2015-09-14,1002211.11787704
2015-09-15,1074158.90013903
2015-09-16,1115104.95657999
2015-09-17,1144915.97210796
2015-09-18,1141065.06089196
2015-09-19,1025853.63944606
2015-09-20,988326.08769113
2015-09-21,1093301.70421998
2015-09-22,1105572.76447902
2015-09-23,1056719.55748799
2015-09-24,1040121.89242808
2015-09-25,1033661.31337516
2015-09-26,965701.318668121
2015-09-27,912856.969330137
2015-09-28,975810.113461064
2015-09-29,1032819.68703507
2015-09-30,1055749.12999808
2015-10-01,991236.452704047
2015-10-02,889462.409855024
2015-10-03,808453.962529023
2015-10-04,812884.720255088
2015-10-05,885271.613769071
2015-10-06,927023.329938108
2015-10-07,972188.066519026
2015-10-08,986328.729037103
2015-10-09,954283.633736073
2015-10-10,892299.10154817
2015-10-11,949585.703201078
2015-10-12,1082994.44989403
2015-10-13,985853.985585161
2015-10-14,963816.702662009
2015-10-15,979275.653698011
2015-10-16,921857.892321039
2015-10-17,804569.92349605
2015-10-18,767854.361301082
2015-10-19,837788.781207084
2015-10-20,882575.069192125
2015-10-21,949228.329879132
2015-10-22,929242.932921146
2015-10-23,921356.948988161
2015-10-24,788760.678732074
2015-10-25,709775.88513909
2015-10-26,779114.293585195
2015-10-27,814461.565862082
2015-10-28,823925.391722154
2015-10-29,827347.80500806
2015-10-30,845587.43378813
2015-10-31,799246.736562094
2015-11-01,753898.222385221
2015-11-02,796205.049169099
2015-11-03,814248.109414072
2015-11-04,846614.059053064
2015-11-05,914976.006837045
2015-11-06,827763.198284137
2015-11-07,730888.317626072
2015-11-08,710015.543111086
2015-11-09,776390.991094046
2015-11-10,819352.441276081
2015-11-11,883862.785633086
2015-11-12,772415.077254115
2015-11-13,753482.771246024
2015-11-14,724065.608173094
2015-11-15,730789.080761119
2015-11-16,840803.003649109
2015-11-17,783066.827288114
2015-11-18,772336.677857097
2015-11-19,777658.278693115
2015-11-20,772147.127402088
2015-11-21,772472.505642113
2015-11-22,796595.676181055
2015-11-23,832764.712397039
2015-11-24,791923.883971084
2015-11-25,787961.523638085
2015-11-26,759096.184770078
2015-11-27,820411.605908135
2015-11-28,867957.599345277
2015-11-29,856089.233321289
2015-11-30,871962.167956172
2015-12-01,874008.069869095
2015-12-02,869737.297106099
2015-12-03,868279.293049976
2015-12-04,864871.352677009
2015-12-05,811466.979839064
2015-12-06,777198.638694182
2015-12-07,829400.408419088
2015-12-08,809483.504570133
2015-12-09,810546.784260123
2015-12-10,815353.832088086
2015-12-11,828015.279018988
2015-12-12,799949.872478018
2015-12-13,767842.336281023
2015-12-14,817038.373279037
2015-12-15,815341.295670024
2015-12-16,839739.956112106
2015-12-17,881585.549029041
2015-12-18,905981.213284994
2015-12-19,821596.376661047
2015-12-20,758804.029460021
2015-12-21,792588.361010041
2015-12-22,804006.766703061
2015-12-23,796538.818141028
2015-12-24,777772.172201102
2015-12-25,760514.056977069
2015-12-26,795441.458068073
2015-12-27,854010.033398186
2015-12-28,987503.593574119
2015-12-29,929855.19404606
2015-12-30,890225.021190229
2015-12-31,889254.615033076
2016-01-01,898670.860195142
2016-01-02,911535.875710152
2016-01-03,851706.419209071
2016-01-04,933760.188196073
2016-01-05,951428.812506007
2016-01-06,900819.40226704
2016-01-07,819509.755496077
2016-01-08,831275.099805133
2016-01-09,935477.974941073
2016-01-10,976483.611047027
2016-01-11,998923.07144409
2016-01-12,914014.570372077
2016-01-13,871397.132756076
2016-01-14,827633.909499096
2016-01-15,820122.828196154
2016-01-16,900342.215117076
2016-01-17,892854.059924117
2016-01-18,943542.164401133
2016-01-19,872916.371548061
2016-01-20,879250.63700411
2016-01-21,928772.059487069
2016-01-22,995625.532834099
2016-01-23,931021.411737071
2016-01-24,820367.87503509
2016-01-25,805683.419894118
2016-01-26,931428.881601079
2016-01-27,958004.186885052
2016-01-28,894079.358453099
2016-01-29,821339.183186045
2016-01-30,744446.568104104
2016-01-31,730262.936588106
2016-02-01,806376.634978078
2016-02-02,803710.596158038
2016-02-03,901687.252234083
2016-02-04,930264.815197069
2016-02-05,898196.266599065
2016-02-06,865740.619107158
2016-02-07,820546.904386089
2016-02-08,902787.29699611
2016-02-09,878393.204701102
2016-02-10,832262.369865087
2016-02-11,795867.342979189
2016-02-12,792395.056554158
2016-02-13,744253.002313114
2016-02-14,721737.538053186
2016-02-15,789487.814099169
2016-02-16,798533.104301138
2016-02-17,794278.512464124
2016-02-18,797479.454961158
2016-02-19,802929.477073177
2016-02-20,758185.141959148
2016-02-21,736483.231629118
2016-02-22,779191.305420103
2016-02-23,857410.776561075
2016-02-24,851447.965500051
2016-02-25,843114.237869059
2016-02-26,823508.114726047
2016-02-27,746096.07331909
2016-02-28,720140.076355069
2016-02-29,790674.512163027
2016-03-01,795122.997363052
2016-03-02,787176.213085063
2016-03-03,805411.786901057
2016-03-04,773775.172585073
2016-03-05,737367.534603076
2016-03-06,729490.716400085
2016-03-07,801063.191849082
2016-03-08,810511.677802109
2016-03-09,776269.079241089
2016-03-10,775612.221754076
2016-03-11,772328.157476126
2016-03-12,702639.388519202
2016-03-13,714732.292150092
2016-03-14,833507.508132046
2016-03-15,853521.972351993
2016-03-16,821198.250159018
2016-03-17,822636.755484122
2016-03-18,829077.425115046
2016-03-19,735595.989538046
2016-03-20,746999.322761108
2016-03-21,810467.19010903
2016-03-22,788747.758554096
2016-03-23,817666.240758085
2016-03-24,766295.714481119
2016-03-25,752535.870338063
2016-03-26,726407.341974114
2016-03-27,715700.589440159
2016-03-28,789809.802214091
2016-03-29,802248.597611087
2016-03-30,835932.266573055
2016-03-31,865632.850587028
2016-04-01,766144.739865111
2016-04-02,722044.871527151
2016-04-03,725098.093067126
2016-04-04,810969.273266064
2016-04-05,826228.935328133
2016-04-06,808124.698872129
2016-04-07,826715.229257067
2016-04-08,794942.55226307
2016-04-09,746414.022672154
2016-04-10,783045.865284148
2016-04-11,889947.334351082
2016-04-12,826290.380743142
2016-04-13,791849.374612205
2016-04-14,819725.945509105
2016-04-15,830612.526067108
2016-04-16,805845.139493104
2016-04-17,789812.956213143
2016-04-18,803117.236555062
2016-04-19,849396.262401095
2016-04-20,848043.239916129
2016-04-21,835226.02151606
2016-04-22,851112.73501813
2016-04-23,818321.838307042
2016-04-24,792039.69224606
2016-04-25,976946.724009968
2016-04-26,975298.789023995
2016-04-27,928528.45933199
2016-04-28,962418.662020076
2016-04-29,975516.91485403
2016-04-30,893133.260369068
2016-05-01,843449.028642065
2016-05-02,795265.926603072
2016-05-03,806885.646258158
2016-05-04,856799.256675045
2016-05-05,890887.937593087
2016-05-06,896594.309331053
2016-05-07,863897.067398096
2016-05-08,800175.166496092
2016-05-09,952549.203325037
2016-05-10,1056367.340995
2016-05-11,1024672.16455998
2016-05-12,985423.854803981
2016-05-13,989122.588007943
2016-05-14,843994.319940004
2016-05-15,781439.906548018
2016-05-16,879798.415236991
2016-05-17,918510.378034969
2016-05-18,848800.487244978
2016-05-19,803905.611596221
2016-05-20,890524.543779018
2016-05-21,912730.55687103
2016-05-22,949638.006699044
2016-05-23,999154.705128
2016-05-24,1054388.33045198
2016-05-25,1098170.35852101
2016-05-26,1019002.38160107
2016-05-27,925706.830124056
2016-05-28,969693.195526022
2016-05-29,952688.018184999
2016-05-30,943517.051612044
2016-05-31,976143.23638399
2016-06-01,961105.407615077
2016-06-02,903296.095360085
2016-06-03,916154.217207061
2016-06-04,874487.403880052
2016-06-05,898419.571541055
2016-06-06,1008708.96626106
2016-06-07,1066203.56060007
2016-06-08,1095617.31176096
2016-06-09,1109172.02098497
2016-06-10,1121670.25738196
2016-06-11,1093658.221196
2016-06-12,1036469.15493804
2016-06-13,1131276.47409893
2016-06-14,1177745.43296995
2016-06-15,1231524.41875592
2016-06-16,1240581.70757189
2016-06-17,1236595.10109386
2016-06-18,1184752.92319792
2016-06-19,1102082.59282298
2016-06-20,1187605.74177187
2016-06-21,1209030.18216689
2016-06-22,1230369.29037192
2016-06-23,1214140.17276694
2016-06-24,1184697.50355893
2016-06-25,1122644.05553797
2016-06-26,1136251.47886597
2016-06-27,1202904.34497896
2016-06-28,1153451.51347403
2016-06-29,1173721.69775898
2016-06-30,1209759.18651986
2016-07-01,1214773.80355081
2016-07-02,1196318.00187786
2016-07-03,1198199.2948089
2016-07-04,1170622.57340491
2016-07-05,1254269.57448183
2016-07-06,1284677.40617487
2016-07-07,1283623.0319959
2016-07-08,1265740.52945094
2016-07-09,1175748.44015993
2016-07-10,1172455.14850996
2016-07-11,1264910.26878592
2016-07-12,1268364.49738494
2016-07-13,1306224.6898919
2016-07-14,1296977.02612992
2016-07-15,1239335.62325992
2016-07-16,1198479.17763793
2016-07-17,1182847.44505192
2016-07-18,1254635.99330388
2016-07-19,1251004.09591893
2016-07-20,1277206.5781359
2016-07-21,1289902.34508188
2016-07-22,1296543.91267588
2016-07-23,1278914.8886959
2016-07-24,1271424.73036291
2016-07-25,1238749.60938096
2016-07-26,1170616.426334
2016-07-27,1153727.86672107
2016-07-28,1166142.177155
2016-07-29,1198096.99332793
2016-07-30,1203200.64696094
2016-07-31,1201464.82524094
2016-08-01,1270923.31140489
2016-08-02,1282622.90851985
2016-08-03,1313661.99021384
2016-08-04,1316767.04683885
2016-08-05,1316903.7057169
2016-08-06,1280254.18066189
2016-08-07,1275243.09739489
2016-08-08,1343517.68660688
2016-08-09,1348283.4160229
2016-08-10,1368669.4468509
2016-08-11,1374906.34014187
2016-08-12,1313725.40299293
2016-08-13,1142422.54447001
2016-08-14,1031886.56471003
2016-08-15,1015644.17536705
2016-08-16,1017218.54954511
2016-08-17,1023876.6905481
2016-08-18,1061510.68038899
2016-08-19,1083131.96016398
2016-08-20,1015789.96017106
2016-08-21,991588.796481966
2016-08-22,1080792.495857
2016-08-23,1191568.55717897
2016-08-24,1193789.46392798
2016-08-25,1175504.36902496
2016-08-26,1108816.45082004
2016-08-27,1083282.70036495
2016-08-28,1062854.34379999
2016-08-29,1077855.19254502
2016-08-30,1115030.28033298
2016-08-31,1166343.14603799
2016-09-01,1148903.56321198
2016-09-02,1105601.32507102
2016-09-03,1055449.22173787
2016-09-04,1053531.99470593
2016-09-05,1107765.07078591
2016-09-06,1192510.85338287
2016-09-07,1209986.37186287
2016-09-08,1212387.61885888
2016-09-09,1177782.28012191
2016-09-10,997993.126189033
2016-09-11,1015197.15218199
2016-09-12,1120318.05740993
2016-09-13,1127175.78279592
2016-09-14,1141036.84143299
2016-09-15,1159651.06088197
2016-09-16,1160455.13847498
2016-09-17,1145241.19999396
2016-09-18,1157924.69512394
2016-09-19,1261775.45738584
2016-09-20,1230465.56660488
2016-09-21,1166404.01673288
2016-09-22,1156096.20386092
2016-09-23,1161689.61879893
2016-09-24,1084403.56532697
2016-09-25,954755.642498002
2016-09-26,926060.226747011
2016-09-27,909688.553282171
2016-09-28,969726.9092641
2016-09-29,923938.740203975
2016-09-30,873627.596721111
2016-10-01,841738.839849018
2016-10-02,883982.375346035
2016-10-03,983023.577903025
2016-10-04,1055368.59254401
2016-10-05,1124077.14318093
2016-10-06,1110933.70765697
2016-10-07,958172.649200007
2016-10-08,858616.198122148
2016-10-09,796011.42460701
2016-10-10,871533.737170047
2016-10-11,941806.557506056
2016-10-12,1033446.05591103
2016-10-13,970300.23312409
2016-10-14,950296.939124053
2016-10-15,984147.500541024
2016-10-16,1017217.33198602
2016-10-17,1094557.88652101
2016-10-18,1093782.06199199
2016-10-19,1079949.56211197
2016-10-20,917421.018303031
2016-10-21,799643.1150021
2016-10-22,754825.022162062
2016-10-23,780078.130112052
2016-10-24,913495.896376001
2016-10-25,904983.014746018
2016-10-26,927988.56197102
2016-10-27,940285.998276078
2016-10-28,926502.484863007
2016-10-29,892768.00258604
2016-10-30,893016.221680023
2016-10-31,937226.605395018
2016-11-01,990254.157894977
2016-11-02,1003185.33358995
2016-11-03,930567.49072498
2016-11-04,890886.404084043
2016-11-05,832236.047129013
2016-11-06,778335.070498021
2016-11-07,844357.54541411
2016-11-08,808939.382891013
2016-11-09,791237.019149101
2016-11-10,780537.703023187
2016-11-11,778360.424697117
2016-11-12,748101.212470187
2016-11-13,727341.859717072
2016-11-14,809015.406250161
2016-11-15,825430.693615006
2016-11-16,838825.80639604
2016-11-17,861716.20080704
2016-11-18,815451.921096007
2016-11-19,769761.292855105
2016-11-20,766891.670315025
2016-11-21,796794.076786013
2016-11-22,820951.88740802
2016-11-23,795200.045512113
2016-11-24,732612.432270103
2016-11-25,738728.662092107
2016-11-26,735151.710293113
2016-11-27,758301.200237027
2016-11-28,838401.951002008
2016-11-29,841075.46845598
2016-11-30,828471.648573072
2016-12-01,832397.977501026
2016-12-02,821841.650771016
2016-12-03,828121.594990078
2016-12-04,826365.51055512
2016-12-05,882102.074211056
2016-12-06,878112.772327006
2016-12-07,908083.277907039
2016-12-08,1090034.48284101
2016-12-09,1076590.04119797
2016-12-10,945238.209932026
2016-12-11,801786.855693017
2016-12-12,856768.210318144
2016-12-13,867782.696871049
2016-12-14,895323.447195088
2016-12-15,939344.075204072
2016-12-16,861492.922440035
2016-12-17,913832.556651965
2016-12-18,1194110.92237093
2016-12-19,1182892.313512
2016-12-20,992943.953413997
2016-12-21,879806.167446008
2016-12-22,859894.603396029
2016-12-23,835966.155583979
2016-12-24,792508.93546603
2016-12-25,770172.515052018
2016-12-26,806292.648762118
2016-12-27,834086.467706107
2016-12-28,841250.068735982
2016-12-29,816711.969904083
2016-12-30,864584.049957027
2016-12-31,770440.232430978
2017-01-01,740027.0668446
2017-01-02,774827.1464239
2017-01-03,869833.0454287
2017-01-04,983215.7703772
2017-01-05,1030768.5684868
2017-01-06,1318444.4735658
2017-01-07,1212558.7300724
2017-01-08,1051641.9652034
2017-01-09,879961.456885
2017-01-10,811418.6149292
2017-01-11,821990.3714312
2017-01-12,838815.6620544
2017-01-13,888071.8909005
2017-01-14,866737.5939001
2017-01-15,798634.5261211
2017-01-16,832670.3861904
2017-01-17,878724.1592667
2017-01-18,866028.1879564
2017-01-19,824907.3500698
2017-01-20,809696.0677414
2017-01-21,777869.7189238
2017-01-22,765201.646143
2017-01-23,819851.7969841
2017-01-24,819148.0319935
2017-01-25,840896.8012904
2017-01-26,904249.0313208
2017-01-27,931658.5593425
2017-01-28,886094.7512049
2017-01-29,825157.0504982
2017-01-30,832802.4803834
2017-01-31,809418.8366338
2017-02-01,814344.9030744
2017-02-02,875637.79002
2017-02-03,884906.6677563
2017-02-04,834417.751388
2017-02-05,764930.9386248
2017-02-06,834363.2123908
2017-02-07,841166.0235915
2017-02-08,843568.106745
2017-02-09,825792.5693207
2017-02-10,811922.1607573
2017-02-11,825835.0109372
2017-02-12,793699.3429028
2017-02-13,826744.7590315
2017-02-14,861430.4194071
2017-02-15,854478.216366
2017-02-16,832458.8452367
2017-02-17,792702.8874396
2017-02-18,779708.6793491
2017-02-19,780285.6678336
2017-02-20,784835.5001144
2017-02-21,791796.7193952
2017-02-22,816165.7236233
2017-02-23,842023.0949711
2017-02-24,809961.5356914
2017-02-25,779961.634914
2017-02-26,769273.4918707
2017-02-27,847859.5096691
2017-02-28,876961.8718022
2017-03-01,821354.9459265
2017-03-02,803555.9868948
2017-03-03,799734.4922403
2017-03-04,775670.2455738
2017-03-05,764882.8348165
2017-03-06,866944.0152658
2017-03-07,833809.3641864
2017-03-08,820979.863584
2017-03-09,848402.5203893
2017-03-10,830363.0195428
2017-03-11,741747.5599753
2017-03-12,729676.2821977
2017-03-13,799087.1122057
2017-03-14,805559.6209209
2017-03-15,787971.6972844
2017-03-16,799693.8933122
2017-03-17,824207.9626645
2017-03-18,823265.3783926
2017-03-19,837450.6756915
2017-03-20,914091.6300178
2017-03-21,910440.0016436
2017-03-22,911852.9083409
2017-03-23,905212.0750227
2017-03-24,869106.7860654
2017-03-25,813025.7969811
2017-03-26,850705.2787858
2017-03-27,923155.9023323
2017-03-28,935167.2870388
2017-03-29,880765.9869116
2017-03-30,831146.053266
2017-03-31,874938.8176814
2017-04-01,828190.9635645
2017-04-02,807226.0625369
2017-04-03,861820.3279278
2017-04-04,908683.4476291
2017-04-05,800508.6785095
2017-04-06,807974.0634825
2017-04-07,823903.8213477
2017-04-08,821864.8155063
2017-04-09,853188.182967
2017-04-10,908927.9365312
2017-04-11,839824.0209716
2017-04-12,846590.2749502
2017-04-13,882322.6196801
2017-04-14,865749.6816665
2017-04-15,864489.2616011
2017-04-16,846698.2369953
2017-04-17,871553.14679
2017-04-18,881427.1674371
2017-04-19,934647.0784481
2017-04-20,974025.7424225
2017-04-21,966715.5619093
2017-04-22,784525.1683919
2017-04-23,731048.0071355
2017-04-24,834149.6957355
2017-04-25,951962.2575764
2017-04-26,930857.759943
2017-04-27,866154.8827573
2017-04-28,1037992.6476508
2017-04-29,957924.1284065
2017-04-30,747807.1617632
2017-05-01,870810.3655608
2017-05-02,956650.0786007
2017-05-03,957909.2050641
2017-05-04,816375.9231109
2017-05-05,840470.6026435
2017-05-06,860796.216611
2017-05-07,886110.9749835
2017-05-08,932373.2844049
2017-05-09,946112.9904926
2017-05-10,964345.9211906
2017-05-11,990635.7116983
2017-05-12,931023.024017
2017-05-13,915155.9105205
2017-05-14,954140.5950136
2017-05-15,1042635.5980272
2017-05-16,1010777.883887
2017-05-17,1050308.7761531
2017-05-18,1127705.4288545
2017-05-19,1094018.7129593
2017-05-20,967741.6102009
2017-05-21,890072.4059161
2017-05-22,916600.2593649
2017-05-23,906898.8173997
2017-05-24,885501.2683824
2017-05-25,1033530.0071528
2017-05-26,1149241.1085788
2017-05-27,1149412.8513599
2017-05-28,1004584.5403467
2017-05-29,954711.9954253
2017-05-30,1056958.0372085
2017-05-31,1061874.0583574
2017-06-01,1035448.223318
2017-06-02,1033844.281443
2017-06-03,991100.149853
2017-06-04,945452.235383
2017-06-05,1012048.167069
2017-06-06,1090264.938342
2017-06-07,1116962.004
2017-06-08,1098963.998268
2017-06-09,1028142.356036
2017-06-10,1052133.877766
2017-06-11,1083831.784286
2017-06-12,1188195.693939
2017-06-13,1215711.257272
2017-06-14,1220903.381704
2017-06-15,1244495.70265
2017-06-16,1258105.556208
2017-06-17,1205979.964633
2017-06-18,1190478.269972
2017-06-19,1186805.300224
2017-06-20,1226857.714976
2017-06-21,1163169.358066
2017-06-22,1171917.43038
2017-06-23,1291614.01193
2017-06-24,1022885.467386
2017-06-25,1026471.136994
2017-06-26,1101009.345481
2017-06-27,1105641.908768
2017-06-28,1154739.784307
2017-06-29,1221785.939576
2017-06-30,1267811.270375
2017-07-01,1110511.941603
2017-07-02,1172049.148533
2017-07-03,1228535.656226
2017-07-04,1178441.557762
2017-07-05,1227378.413264
2017-07-06,1221789.483946
2017-07-07,1211017.561494
2017-07-08,1177596.686853
2017-07-09,1127071.969469
2017-07-10,1189673.922943
2017-07-11,1247734.986807
2017-07-12,1233957.924644
2017-07-13,1248358.354867
2017-07-14,1262227.120103
2017-07-15,1133175.149356
2017-07-16,1154390.660957
2017-07-17,1240898.096895
2017-07-18,1265119.117269
2017-07-19,1297190.990557
2017-07-20,1326345.787448
2017-07-21,1317872.051156
2017-07-22,1265054.904304
2017-07-23,1230283.525305
2017-07-24,1249888.34028
2017-07-25,1296264.367178
2017-07-26,1302780.028464
2017-07-27,1315322.499526
2017-07-28,1333355.766136
2017-07-29,1297779.684621
2017-07-30,1230756.012621
2017-07-31,1224263.226134
2017-08-01,1209126.520579
2017-08-02,1101801.712216
2017-08-03,1166291.762529
2017-08-04,1228707.272311
2017-08-05,1221872.964613
2017-08-06,1206856.324813
2017-08-07,1133070.387293
2017-08-08,1136751.861708
2017-08-09,1208033.129244
2017-08-10,1277773.444557
2017-08-11,1293983.98723
2017-08-12,1235777.38465
2017-08-13,1193460.788857
2017-08-14,1267055.876465
2017-08-15,1295109.261924
2017-08-16,1326731.860264
2017-08-17,1275439.211733
2017-08-18,1271144.46369
2017-08-19,1270786.631566
2017-08-20,1251620.610838
2017-08-21,1276346.023869
2017-08-22,1294652.326662
2017-08-23,1223624.282762
2017-08-24,1178815.419849
2017-08-25,1056918.924911
2017-08-26,937300.193554
2017-08-27,881252.261977
2017-08-28,916411.625008
2017-08-29,949430.210149
2017-08-30,995058.516918
2017-08-31,1045998.702939
2017-09-01,1068871.087652
2017-09-02,1058332.932543
2017-09-03,1059145.009645
2017-09-04,1088323.776567
2017-09-05,1116757.571094
2017-09-06,981928.263166
2017-09-07,947581.920108
2017-09-08,952509.304904
2017-09-09,935702.985866
2017-09-10,929260.552257
2017-09-11,973311.444834
2017-09-12,981549.55941
2017-09-13,1043311.153294
2017-09-14,1137699.127126
2017-09-15,1142825.192648
2017-09-16,1122730.013339
2017-09-17,1122744.957511
2017-09-18,1177117.394346
2017-09-19,1218850.163973
2017-09-20,1244545.921264
2017-09-21,1189957.462831
2017-09-22,1163241.170009
2017-09-23,1111841.483704
2017-09-24,1087115.071584
2017-09-25,1132454.572567
2017-09-26,1097325.412486
2017-09-27,1080942.759458
2017-09-28,1011758.426734
2017-09-29,971067.14058
2017-09-30,940834.862412
2017-10-01,979981.29185
2017-10-02,1092163.664478
2017-10-03,1081335.945773
2017-10-04,1091908.633186
2017-10-05,1068358.002304
2017-10-06,1056115.878619
2017-10-07,997660.998578
2017-10-08,1026827.159437
2017-10-09,1151187.453112
2017-10-10,882291.674518
2017-10-11,867668.576658
2017-10-12,999210.350977
2017-10-13,1097877.362748
2017-10-14,1076339.829773
2017-10-15,898329.094775
2017-10-16,835011.95018
2017-10-17,825934.911983
2017-10-18,865415.832825
2017-10-19,915138.280853
2017-10-20,942155.310691
2017-10-21,983840.531801
2017-10-22,823310.728431
2017-10-23,849376.740159
2017-10-24,811587.74026
2017-10-25,813656.635633
2017-10-26,852965.93419
2017-10-27,818932.425477
2017-10-28,811445.490546
2017-10-29,783975.832021
2017-10-30,823609.594224
2017-10-31,842898.472369
2017-11-01,884389.808618
2017-11-02,979165.494313
2017-11-03,947444.302458
2017-11-04,973885.927081
2017-11-05,1005860.559479
2017-11-06,969876.20101
2017-11-07,915608.323284
2017-11-08,879591.784847
2017-11-09,859154.502974
2017-11-10,828942.313728
2017-11-11,788096.403116
2017-11-12,799262.794029
2017-11-13,859318.391328
2017-11-14,874558.436175
2017-11-15,888444.259047
2017-11-16,905298.436246
2017-11-17,945528.276993
2017-11-18,846391.143432
2017-11-19,794696.193036
2017-11-20,850240.999015
2017-11-21,845154.250433
2017-11-22,857774.816735
2017-11-23,787256.417664
2017-11-24,772812.692435
2017-11-25,775695.156095
2017-11-26,782138.098031
2017-11-27,844020.924671
2017-11-28,852428.166728
2017-11-29,844292.33206
2017-11-30,848315.321056
2017-12-01,828836.415774
2017-12-02,803620.932657
2017-12-03,810253.469515
2017-12-04,906611.414443
2017-12-05,891396.42011
2017-12-06,981547.152668
2017-12-07,1123899.565997
2017-12-08,1114323.957867
2017-12-09,952788.168975
2017-12-10,893789.712466
2017-12-11,902613.71982
2017-12-12,934853.258145
2017-12-13,943796.549896
2017-12-14,921295.808974
2017-12-15,967428.139982
2017-12-16,944230.287505
2017-12-17,877044.841156
2017-12-18,891415.234
2017-12-19,877284.567498
2017-12-20,866845.425924
2017-12-21,869730.320287
2017-12-22,962540.900456
2017-12-23,912572.06483
2017-12-24,924824.458417
2017-12-25,917298.122314
2017-12-26,985018.243793
2017-12-27,1122646.274407
2017-12-28,1070574.744028
2017-12-29,990403.497188
2017-12-30,942954.974623
2017-12-31,1174611.027329
2018-01-01,1288103.733401
2018-01-02,1378407.2705
2018-01-03,1224232.612075
2018-01-04,1094845.005113
2018-01-05,984058.695969
2018-01-06,882215.558838
2018-01-07,828105.506706
2018-01-08,894978.440092
2018-01-09,937939.115158
2018-01-10,891084.245952
2018-01-11,999322.818127
2018-01-12,1126328.280106
2018-01-13,1071595.085679
2018-01-14,983606.333981
2018-01-15,1016410.052146
2018-01-16,1413789.213726
2018-01-17,1354922.361038
2018-01-18,1233087.386139
2018-01-19,1022217.476622
2018-01-20,814069.399436
2018-01-21,779910.044599
2018-01-22,897916.222705
2018-01-23,957671.759177
2018-01-24,960635.390181
2018-01-25,942846.261572
2018-01-26,851558.228885
2018-01-27,793384.446657
2018-01-28,811858.463922
2018-01-29,930054.071441
2018-01-30,940629.797004
2018-01-31,857442.900607
2018-02-01,856170.87108
2018-02-02,914738.374096
2018-02-03,861855.961378
2018-02-04,825474.3828
2018-02-05,957116.181328
2018-02-06,999225.331356
2018-02-07,1088759.32264
2018-02-08,978488.356465
2018-02-09,854676.418691
2018-02-10,944123.575043
2018-02-11,1121801.602542
2018-02-12,1103951.147446
2018-02-13,1018167.524101
2018-02-14,866767.766988
2018-02-15,843435.244464
2018-02-16,855277.34699
2018-02-17,824811.350373
2018-02-18,817635.57099
2018-02-19,867108.505467
2018-02-20,896107.285213
2018-02-21,1050518.749168
2018-02-22,1031104.987499
2018-02-23,932855.200255
2018-02-24,851539.729266
2018-02-25,802125.109531
2018-02-26,841525.785017
2018-02-27,866708.141741
2018-02-28,882251.758974
2018-03-01,851692.822613
2018-03-02,835098.11148
2018-03-03,785526.89234
2018-03-04,804574.483369
2018-03-05,866327.605659
2018-03-06,835338.618629
2018-03-07,855389.351777
2018-03-08,845414.38695
2018-03-09,818948.301522
2018-03-10,819826.115061
2018-03-11,756076.160263
2018-03-12,828878.099961
2018-03-13,830020.01739
2018-03-14,836835.276963
2018-03-15,833304.238414
2018-03-16,875768.787551
2018-03-17,843239.361426
2018-03-18,852091.682642
2018-03-19,874370.181994
2018-03-20,827493.864189
2018-03-21,835055.500308
2018-03-22,846412.377874
2018-03-23,864538.562436
2018-03-24,869493.593741
2018-03-25,860807.333974
2018-03-26,948286.45567
2018-03-27,897031.402557
2018-03-28,849772.580563
2018-03-29,851692.8746
2018-03-30,811368.252386
2018-03-31,814603.762984
2018-04-01,809946.723395
2018-04-02,922220.446972
2018-04-03,912189.059041
2018-04-04,818860.59425
2018-04-05,850824.87839
2018-04-06,918589.424206
2018-04-07,867719.932093
2018-04-08,817188.938178
2018-04-09,826815.70415
2018-04-10,826357.537698
2018-04-11,854979.729672
2018-04-12,925971.692289
2018-04-13,951793.261162
2018-04-14,773603.760966
2018-04-15,786890.846634
2018-04-16,860337.241447
2018-04-17,903127.263713
2018-04-18,892897.679659
2018-04-19,838806.398839
2018-04-20,810446.962436
2018-04-21,799189.382298
2018-04-22,777244.06341
2018-04-23,856150.740628
2018-04-24,921960.371786
2018-04-25,880575.620217
2018-04-26,848863.0371
2018-04-27,861001.292454
2018-04-28,858476.127337
2018-04-29,860765.351729
2018-04-30,915207.319623
2018-05-01,956994.193536
2018-05-02,1039877.706852
2018-05-03,1014584.876582
2018-05-04,901745.779065
2018-05-05,883168.156671
2018-05-06,916980.145643
2018-05-07,1031606.640997
2018-05-08,1031018.774363
2018-05-09,1027368.300263
2018-05-10,1036475.234517
2018-05-11,1073549.803214
2018-05-12,1069214.88582
2018-05-13,1072023.897879
2018-05-14,1134746.146505
2018-05-15,1109275.321673
2018-05-16,1134276.068165
2018-05-17,1175047.841105
2018-05-18,1183309.719222
2018-05-19,1113966.10346
2018-05-20,967307.518563
2018-05-21,1040280.594598
2018-05-22,1101468.36489
2018-05-23,1112363.508248
2018-05-24,1152812.378411
2018-05-25,1154353.572974
2018-05-26,1157623.876879
2018-05-27,1161866.745288
2018-05-28,1195045.844763
2018-05-29,1263601.327048
2018-05-30,1269067.261922
2018-05-31,1282872.55073
2018-06-01,1295903.373995
2018-06-02,1280987.690645
2018-06-03,1188002.787182
2018-06-04,1143729.064878
2018-06-05,1264053.751781
2018-06-06,1295135.7313
2018-06-07,1248935.089649
2018-06-08,1232547.119835
2018-06-09,1183818.023651
2018-06-10,1218445.53614
2018-06-11,1295249.60789
2018-06-12,1296564.847051
2018-06-13,1294280.9369
2018-06-14,1263755.190336
2018-06-15,1267264.349944
2018-06-16,1217882.199629
2018-06-17,1152377.886482
2018-06-18,1170924.357254
2018-06-19,1093051.57347
2018-06-20,1118524.476517
2018-06-21,1206539.402364
2018-06-22,1304025.703489
2018-06-23,1251137.960318
2018-06-24,1251774.36042
2018-06-25,1271733.919376
2018-06-26,1310561.569
2018-06-27,1334651.479133
2018-06-28,1329157.100387
2018-06-29,1322779.131198
2018-06-30,1270409.312097
2018-07-01,1258346.484079
2018-07-02,1327112.340421
2018-07-03,1322903.741419
2018-07-04,1117737.726205
2018-07-05,1205515.779327
2018-07-06,1194255.723106
2018-07-07,1132446.919905
2018-07-08,1094204.829638
2018-07-09,1123709.183914
2018-07-10,1186950.991984
2018-07-11,1254273.836088
2018-07-12,1232964.422513
2018-07-13,1259957.791102
2018-07-14,1262569.416424
2018-07-15,1265119.107041
2018-07-16,1336957.4166
2018-07-17,1342498.884332
2018-07-18,1377467.071571
2018-07-19,1408729.921908
2018-07-20,1392060.709621
2018-07-21,1345976.93219
2018-07-22,1349502.442891
2018-07-23,1404606.550255
2018-07-24,1346688.623427
2018-07-25,1329600.257817
2018-07-26,1326703.880946
2018-07-27,1297410.22508
2018-07-28,1298070.046389
2018-07-29,1317257.734227
2018-07-30,1288924.141241
2018-07-31,1190314.825273
2018-08-01,1212383.996018
2018-08-02,1237093.742874
2018-08-03,1256656.140541
2018-08-04,1206070.689932
2018-08-05,1219958.40418
2018-08-06,1301252.929927
2018-08-07,1312775.54399
2018-08-08,1279718.843521
2018-08-09,1261300.401029
2018-08-10,1180714.356784
2018-08-11,1065232.62417
2018-08-12,1073023.764217
2018-08-13,1186600.251604
2018-08-14,1224899.953977
2018-08-15,1302961.221354
2018-08-16,1329070.492505
2018-08-17,1331192.149034
2018-08-18,1283652.803738
2018-08-19,1254312.230245
2018-08-20,1300141.029735
2018-08-21,1301350.435796
2018-08-22,1309708.635807
2018-08-23,1335302.844926
2018-08-24,1333669.228764
2018-08-25,1292204.701481
2018-08-26,1276704.781771
2018-08-27,1334487.819638
2018-08-28,1337387.298838
2018-08-29,1285081.038315
2018-08-30,1289420.737301
2018-08-31,1299531.974225
2018-09-01,1225687.939843
2018-09-02,1147578.693177
2018-09-03,1065561.417546
2018-09-04,1160219.325516
2018-09-05,1176382.804614
2018-09-06,1148960.334687
2018-09-07,1156805.69817
2018-09-08,1061311.044655
2018-09-09,967871.944085
2018-09-10,983093.8596
2018-09-11,1007753.880397
2018-09-12,1085909.933353
2018-09-13,1110477.310794
2018-09-14,1055032.084408
2018-09-15,1067222.746631
2018-09-16,1098728.030972
2018-09-17,1202995.427721
2018-09-18,1235126.362453
2018-09-19,1237041.489343
2018-09-20,1162102.677799
2018-09-21,1130245.764419
2018-09-22,963557.153889
2018-09-23,921242.680936
2018-09-24,1061914.682727
2018-09-25,1141651.510414
2018-09-26,1016918.948161
2018-09-27,943351.893825
2018-09-28,978824.288932
2018-09-29,936227.432181
2018-09-30,983780.94786
2018-10-01,1064002.350479
2018-10-02,1107346.479061
2018-10-03,1162141.712039
2018-10-04,1164777.025541
2018-10-05,1166454.502292
2018-10-06,1104145.496758
2018-10-07,1074089.507153
2018-10-08,1075641.733034
2018-10-09,1009736.541231
2018-10-10,954792.335907
2018-10-11,891948.386001
2018-10-12,939857.523271
2018-10-13,956462.706816
2018-10-14,985727.092047
2018-10-15,906160.993364
2018-10-16,893184.205944
2018-10-17,862033.225899
2018-10-18,839522.512537
2018-10-19,846154.296373
2018-10-20,793016.194063
2018-10-21,770455.554351
2018-10-22,813799.901651
2018-10-23,816495.967746
2018-10-24,833771.482004
2018-10-25,822726.100091
2018-10-26,828145.469181
2018-10-27,819975.727115
2018-10-28,840969.009357
2018-10-29,925617.208401
2018-10-30,946705.598907
2018-10-31,887475.339525
2018-11-01,826410.164598
2018-11-02,824309.664567
2018-11-03,826051.805627
2018-11-04,823975.268394
2018-11-05,905248.978167
2018-11-06,945501.797777
2018-11-07,950026.525125
2018-11-08,879851.390834
2018-11-09,878055.611354
2018-11-10,877089.856187
2018-11-11,848747.581705
2018-11-12,1046932.241364
2018-11-13,1178369.386081
2018-11-14,1104708.201971
2018-11-15,975754.970081
2018-11-16,890829.660307
2018-11-17,820934.836738
2018-11-18,895065.548434
2018-11-19,968854.069085
2018-11-20,942113.36078
2018-11-21,928875.707448
2018-11-22,816756.933573
2018-11-23,794796.346313
2018-11-24,795823.79702
2018-11-25,851166.781656
2018-11-26,998055.866805
2018-11-27,953862.612228
2018-11-28,879074.331901
2018-11-29,853769.942182
2018-11-30,866782.091115
2018-12-01,811712.775258
2018-12-02,813646.042156
2018-12-03,910251.100637
2018-12-04,973193.656962
2018-12-05,969586.832056
2018-12-06,923970.912333
2018-12-07,974446.223212
2018-12-08,1030188.362046
2018-12-09,1009898.0072
2018-12-10,1033804.815877
2018-12-11,990719.005956
2018-12-12,898559.403924
2018-12-13,926335.610573
2018-12-14,1039139.39364
2018-12-15,939012.394208
2018-12-16,902723.912197
2018-12-17,940315.86371
2018-12-18,918270.315387
2018-12-19,891975.734753
2018-12-20,939849.178831
2018-12-21,937995.037336
2018-12-22,851821.10214
2018-12-23,860184.188478
2018-12-24,856527.942008
2018-12-25,770475.309436
2018-12-26,842141.741574
2018-12-27,868145.988107
2018-12-28,961373.343053
2018-12-29,1013061.623013
2018-12-30,1006079.847639
2018-12-31,943035.104847
2019-01-01,994852.294257
2019-01-02,1149490.49931
2019-01-03,1107258.17418
2019-01-04,989196.808001
2019-01-05,879286.23852
2019-01-06,817134.614275
2019-01-07,839627.294225
2019-01-08,862532.163086
2019-01-09,902234.817415
2019-01-10,930817.998104
2019-01-11,907495.201483
2019-01-12,905770.101176
2019-01-13,980211.716851
2019-01-14,1047312.0562
2019-01-15,1002246.575248
2019-01-16,913846.43621
2019-01-17,876176.332472
2019-01-18,877980.830365
2019-01-19,1023593.333643
2019-01-20,1014045.538636
2019-01-21,959815.616695
2019-01-22,929316.112965
2019-01-23,1108696.104184
2019-01-24,1026024.676301
2019-01-25,986598.376701
2019-01-26,899849.964885
2019-01-27,876141.245863
2019-01-28,944847.659312
2019-01-29,1056004.471564
2019-01-30,1038759.819896
2019-01-31,943140.805559
2019-02-01,858894.056361
2019-02-02,811546.823266
2019-02-03,798356.452723
2019-02-04,858623.641424
2019-02-05,867563.511102
2019-02-06,886494.220436
2019-02-07,973864.705059
2019-02-08,1204010.591784
2019-02-09,1136691.233432
2019-02-10,984116.489745
2019-02-11,923492.120577
2019-02-12,933734.036021
2019-02-13,949406.859407
2019-02-14,857078.524774
2019-02-15,877522.241282
2019-02-16,915799.75715
2019-02-17,879175.558344
2019-02-18,1014587.318738
2019-02-19,1084116.761126
2019-02-20,958859.940475
2019-02-21,966687.694069
2019-02-22,924707.923761
2019-02-23,847117.509274
2019-02-24,864110.470994
2019-02-25,907958.078082
2019-02-26,866892.626441
2019-02-27,917752.741176
2019-02-28,1050468.247698
2019-03-01,972382.274332
2019-03-02,935612.306386
2019-03-03,1076207.07044
2019-03-04,1316425.34958
2019-03-05,1198304.157339
2019-03-06,1037643.006579
2019-03-07,882103.865724
2019-03-08,873943.480127
2019-03-09,819927.813843
2019-03-10,808807.181114
2019-03-11,886772.36978
2019-03-12,875421.588091
2019-03-13,867261.603669
2019-03-14,844714.555482
2019-03-15,868904.78411
2019-03-16,848080.203189
2019-03-17,822177.962833
2019-03-18,863729.449424
2019-03-19,845882.377047
2019-03-20,842241.696499
2019-03-21,843142.080941
2019-03-22,837962.712519
2019-03-23,788247.415448
2019-03-24,824545.069401
2019-03-25,875899.139999
2019-03-26,838492.786925
2019-03-27,843123.585801
2019-03-28,845770.528289
2019-03-29,857813.276805
2019-03-30,820236.377597
2019-03-31,858778.77139
2019-04-01,910724.401813
2019-04-02,872189.451238
2019-04-03,843716.366344
2019-04-04,902545.702491
2019-04-05,898368.258723
2019-04-06,852802.519163
2019-04-07,800091.847429
2019-04-08,899663.223716
2019-04-09,959019.99109
2019-04-10,988657.820748
2019-04-11,888375.072692
2019-04-12,859915.145698
2019-04-13,849688.234947
2019-04-14,795502.695804
2019-04-15,874961.454504
2019-04-16,905165.2637
2019-04-17,942099.089612
2019-04-18,854821.551102
2019-04-19,803903.694354
2019-04-20,818834.480346
2019-04-21,841346.192696
2019-04-22,922455.46911
2019-04-23,900644.579885
2019-04-24,877105.804707
2019-04-25,929259.479947
2019-04-26,931884.99838
2019-04-27,918204.716745
2019-04-28,928015.612308
2019-04-29,1006162.720584
2019-04-30,1024199.079434
2019-05-01,1024036.687162
2019-05-02,953984.983524
2019-05-03,917119.305175
2019-05-04,906593.195277
2019-05-05,944257.397468
2019-05-06,994643.315742
2019-05-07,1006792.952595
2019-05-08,965078.284194
2019-05-09,979839.124911
2019-05-10,849459.796178
2019-05-11,806260.147255
2019-05-12,834536.745154
2019-05-13,943604.455646
2019-05-14,988311.062026
2019-05-15,1028199.667769
2019-05-16,1054647.809696
2019-05-17,1088889.940145
2019-05-18,997794.418819
2019-05-19,1070867.676187
2019-05-20,1162456.465653
2019-05-21,1083484.467196
2019-05-22,1181026.772643
2019-05-23,1206365.870714
2019-05-24,1179246.03479
2019-05-25,1122549.206511
2019-05-26,1092064.332709
2019-05-27,1119950.629617
2019-05-28,1173117.96733
2019-05-29,1134947.452389
2019-05-30,1117876.912446
2019-05-31,1109311.498499
2019-06-01,1126837.654682
2019-06-02,1117001.335221
2019-06-03,1223463.135927
2019-06-04,1147060.917581
2019-06-05,1101133.497493
2019-06-06,1149680.161321
2019-06-07,1171492.816912
2019-06-08,1197817.595612
2019-06-09,1170376.078909
2019-06-10,1112261.715319
2019-06-11,1032939.766752
2019-06-12,1096725.588508
2019-06-13,1143207.033262
2019-06-14,1190887.242906
2019-06-15,1220982.683983
2019-06-16,1055687.854364
2019-06-17,1115161.796964
2019-06-18,1234556.634363
2019-06-19,1301122.935499
2019-06-20,1332313.488551
2019-06-21,1350513.609577
2019-06-22,1255244.244266
2019-06-23,1245164.581178
2019-06-24,1107876.988649
2019-06-25,1135908.191809
2019-06-26,1176883.837434
2019-06-27,1195882.16999
2019-06-28,1224014.343723
2019-06-29,1151288.982305
2019-06-30,1080815.360647
2019-07-01,1220429.833923
2019-07-02,1223652.481135
2019-07-03,1191265.030073
2019-07-04,1193110.873615
2019-07-05,1263342.550377
2019-07-06,1216259.41189
2019-07-07,1237666.464435
2019-07-08,1288798.973629
2019-07-09,1334056.359609
2019-07-10,1331112.082477
2019-07-11,1301407.744581
2019-07-12,1284370.5959
2019-07-13,1230648.462058
2019-07-14,1193761.481362
2019-07-15,1311383.58282
2019-07-16,1368420.369383
2019-07-17,1360565.509178
2019-07-18,1361648.735618
2019-07-19,1355307.876484
2019-07-20,1313819.27318
2019-07-21,1274242.953897
2019-07-22,1289005.755039
2019-07-23,1187777.375115
2019-07-24,1142358.428744
2019-07-25,1141960.360242
2019-07-26,1177606.868999
2019-07-27,1222388.000667
2019-07-28,1250900.912671
2019-07-29,1308363.234723
2019-07-30,1339479.602918
2019-07-31,1340852.52268
2019-08-01,1332064.115212
2019-08-02,1342316.861127
2019-08-03,1217955.489609
2019-08-04,1217606.910939
2019-08-05,1352520.611453
2019-08-06,1385769.960705
2019-08-07,1417843.910257
2019-08-08,1409277.312315
2019-08-09,1416360.917682
2019-08-10,1378467.812115
2019-08-11,1374281.157666
2019-08-12,1452349.857581
2019-08-13,1445653.021768
2019-08-14,1371006.985256
2019-08-15,1374101.677695
2019-08-16,1409458.381614
2019-08-17,1380103.462995
2019-08-18,1375297.927985
2019-08-19,1434630.676334
2019-08-20,1392238.154579
2019-08-21,1379289.276534
2019-08-22,1368836.798486
2019-08-23,1299771.70808
2019-08-24,1246704.860514
2019-08-25,1284944.599335
2019-08-26,1446509.331333
2019-08-27,1267842.703901
2019-08-28,1285883.794436
2019-08-29,1346968.408751
2019-08-30,1258744.052087
2019-08-31,1170266.778532
2019-09-01,1206584.897657
2019-09-02,1244299.481203
2019-09-03,1298358.90564
2019-09-04,1305155.539283
2019-09-05,1296591.635188
2019-09-06,1313035.371059
2019-09-07,1282218.645849
2019-09-08,1259687.84385
2019-09-09,1290452.606843
2019-09-10,1257449.363902
2019-09-11,1221563.15673
2019-09-12,1248935.334132
2019-09-13,1241856.320474
2019-09-14,1213414.190103
2019-09-15,1213394.945146
2019-09-16,1254601.684956
2019-09-17,1202839.586022
2019-09-18,1223841.003534
2019-09-19,1155468.791758
2019-09-20,1216638.787931
2019-09-21,1188553.092134
2019-09-22,1189268.988711
2019-09-23,1265672.253668
2019-09-24,1256298.537212
2019-09-25,1264455.487824
2019-09-26,1251422.783161
2019-09-27,1230695.138127
2019-09-28,1221149.992626
2019-09-29,1217546.26278
2019-09-30,1272024.604196
2019-10-01,1253950.144349
2019-10-02,1243707.017672
2019-10-03,1223515.53112
2019-10-04,1181201.45878
2019-10-05,1154116.448697
2019-10-06,1145186.466552
2019-10-07,1023833.38914
2019-10-08,987253.231271
2019-10-09,1109758.385773
2019-10-10,1193359.690292
2019-10-11,867996.147788
2019-10-12,792279.397977
2019-10-13,836900.284871
2019-10-14,1007848.60943
2019-10-15,1104744.18504
2019-10-16,875015.931953
2019-10-17,841426.33568
2019-10-18,896344.08555
2019-10-19,971242.39066
2019-10-20,1018901.348954
2019-10-21,918828.745602
2019-10-22,864714.338723
2019-10-23,907145.79502
2019-10-24,930576.598961
2019-10-25,867822.703839
2019-10-26,807457.186101
2019-10-27,811462.277162
2019-10-28,889186.957199
2019-10-29,932756.497814
2019-10-30,995038.324726
2019-10-31,1014161.449844
2019-11-01,958293.474687
2019-11-02,898745.528673
2019-11-03,872658.999034
2019-11-04,877553.10754
2019-11-05,904406.072275
2019-11-06,910143.673116
2019-11-07,936742.383201
2019-11-08,956613.597822
2019-11-09,850124.333473
2019-11-10,817757.523181
2019-11-11,1041143.664604
2019-11-12,1228895.451054
2019-11-13,1142984.176436
2019-11-14,1054523.329404
2019-11-15,984497.225996
2019-11-16,911877.325264
2019-11-17,858588.943295
2019-11-18,886104.361138
2019-11-19,874947.847036
2019-11-20,894547.339676
2019-11-21,917036.553614
2019-11-22,926976.871225
2019-11-23,889349.736401
2019-11-24,849857.963932
2019-11-25,891443.406852
2019-11-26,913859.411886
2019-11-27,910598.355399
2019-11-28,882030.65423
2019-11-29,883699.282058
2019-11-30,882370.620825
2019-12-01,870732.073757
2019-12-02,964921.614857
2019-12-03,934697.404782
2019-12-04,910631.875357
2019-12-05,897298.112475
2019-12-06,894419.217303
2019-12-07,874387.344792
2019-12-08,858025.614678
2019-12-09,943727.769256
2019-12-10,1056512.990775
2019-12-11,1053461.096228
2019-12-12,994070.367779
2019-12-13,931307.693336
2019-12-14,885767.935033
2019-12-15,896411.89729
2019-12-16,1057961.41915
2019-12-17,1128593.900471
2019-12-18,1098755.127001
2019-12-19,1060871.823699
2019-12-20,1017781.828756
2019-12-21,961942.711899
2019-12-22,963646.235161
2019-12-23,971442.501804
2019-12-24,894590.179659
2019-12-25,815710.759228
2019-12-26,854207.51436
2019-12-27,851030.411744
2019-12-28,850322.423719
2019-12-29,891237.193753
2019-12-30,987534.347734
2019-12-31,964311.050556
2020-01-01,909164.760489
2020-01-02,907898.643786
2020-01-03,928359.669376
2020-01-04,914645.307184
2020-01-05,871010.805522
2020-01-06,927455.05096
2020-01-07,958628.864683
2020-01-08,949491.3791
2020-01-09,891747.347285
2020-01-10,903080.854501
2020-01-11,988878.037354
2020-01-12,951004.388395
2020-01-13,936515.919589
2020-01-14,907498.432798
2020-01-15,917903.976537
2020-01-16,942716.206907
2020-01-17,918145.221252
2020-01-18,882106.883508
2020-01-19,937543.856577
2020-01-20,989887.547004
2020-01-21,1008729.650587
2020-01-22,1016935.265305
2020-01-23,949487.490692
2020-01-24,954921.622809
2020-01-25,882720.118731
2020-01-26,838677.900811
2020-01-27,903760.626759
2020-01-28,947553.119252
2020-01-29,1011159.033183
2020-01-30,1023576.250018
2020-01-31,973577.073543
2020-02-01,903275.201242
2020-02-02,841414.666132
2020-02-03,872065.349554
2020-02-04,960427.984907
2020-02-05,1158577.965036
2020-02-06,1128136.391082
2020-02-07,974229.848495
2020-02-08,883317.719317
2020-02-09,854588.840982
2020-02-10,988413.638647
2020-02-11,1058227.294173
2020-02-12,1032354.036771
2020-02-13,1081275.929685
2020-02-14,1049345.158282
2020-02-15,901787.30931
2020-02-16,832005.484051
2020-02-17,892637.304162
2020-02-18,930750.234201
2020-02-19,991027.620153
2020-02-20,1083106.339689
2020-02-21,1045686.833613
2020-02-22,921418.482834
2020-02-23,866952.200365
2020-02-24,891569.959181
2020-02-25,948625.128859
2020-02-26,1075008.548032
2020-02-27,1021970.75303
2020-02-28,926819.626303
2020-02-29,851928.978216
2020-03-01,823501.015542
2020-03-02,887259.248497
2020-03-03,899615.869334
2020-03-04,912109.829594
2020-03-05,886592.493217
2020-03-06,886172.452363
2020-03-07,839471.42542
2020-03-08,808147.480395
2020-03-09,874454.014185
2020-03-10,907090.556872
2020-03-11,946095.940493
2020-03-12,959866.457405
2020-03-13,931511.764597
2020-03-14,903302.642137
2020-03-15,877559.243282
2020-03-16,898351.155178
2020-03-17,937022.684419
2020-03-18,959677.423775
2020-03-19,986919.848367
2020-03-20,911878.953391
2020-03-21,867021.734763
2020-03-22,840471.504277
2020-03-23,923769.512622
2020-03-24,968560.21518
2020-03-25,998665.429237
2020-03-26,1022507.31986
2020-03-27,1028543.055643
2020-03-28,885953.172477
2020-03-29,820922.126016
2020-03-30,900594.990048
2020-03-31,879787.931207
2020-04-01,860550.878795
2020-04-02,875596.30325
2020-04-03,904557.389409
2020-04-04,874102.628989
2020-04-05,812274.524658
2020-04-06,872562.681803
2020-04-07,991091.878716
2020-04-08,1043808.879282
2020-04-09,958902.911141
2020-04-10,847364.528495
2020-04-11,844727.114888
2020-04-12,896798.042468
2020-04-13,836609.812794
2020-04-14,845174.373733
2020-04-15,836789.200206
2020-04-16,845978.869196
2020-04-17,864946.033974
2020-04-18,815996.637513
2020-04-19,857228.226311
2020-04-20,903691.959751
2020-04-21,958954.333326
2020-04-22,961586.135153
2020-04-23,957864.701251
2020-04-24,984969.507098
2020-04-25,838620.659078
2020-04-26,860597.978714
2020-04-27,954454.704909
2020-04-28,1041269.231065
2020-04-29,900504.050987
2020-04-30,912842.96809
2020-05-01,956367.574446
2020-05-02,998062.555332
2020-05-03,1037997.50786
2020-05-04,1132785.481186
2020-05-05,1023911.280541
2020-05-06,942084.411129
2020-05-07,987534.455952
2020-05-08,955317.907322
2020-05-09,808723.641727
2020-05-10,837152.50908
2020-05-11,940359.17314
2020-05-12,947075.263164
2020-05-13,1019859.076934
2020-05-14,1095986.052198
2020-05-15,1036107.455579
2020-05-16,863504.081647
2020-05-17,933006.821333
2020-05-18,1098542.115272
2020-05-19,1183319.305547
2020-05-20,1133912.039288
2020-05-21,1132725.727853
2020-05-22,1192597.249341
2020-05-23,1128291.830687
2020-05-24,1007195.947673
2020-05-25,897202.510762
2020-05-26,958680.097422
2020-05-27,998229.482657
2020-05-28,1026912.90059
2020-05-29,1036816.243253
2020-05-30,1005192.626115
2020-05-31,968941.656052
2020-06-01,1033454.633411
2020-06-02,1126362.408941
2020-06-03,1168659.101449
2020-06-04,1235171.358339
2020-06-05,1245927.812355
2020-06-06,1225009.326388
2020-06-07,1216279.593816
2020-06-08,1318157.830612
2020-06-09,1302374.021847
2020-06-10,1104896.267887
2020-06-11,1127117.248661
2020-06-12,1123652.350232
2020-06-13,1112049.483624
2020-06-14,1124482.047805
2020-06-15,1230786.331695
2020-06-16,1230455.026471
2020-06-17,1228199.196755
2020-06-18,1234410.54759
2020-06-19,1207556.594916
2020-06-20,1135247.160408
2020-06-21,1132121.216376
2020-06-22,1167615.656198
2020-06-23,1100362.629819
2020-06-24,1136240.973491
2020-06-25,1163898.628921
2020-06-26,1149203.051571
2020-06-27,1194780.217763
2020-06-28,1179397.685839
2020-06-29,1290057.928609
2020-06-30,1311635.662245
2020-07-01,1330205.388075
2020-07-02,1314915.274585
2020-07-03,1273581.18836
2020-07-04,1253439.59941
2020-07-05,1230195.296319
2020-07-06,1248660.095913
2020-07-07,1262405.246284
2020-07-08,1343172.862852
2020-07-09,1373045.442246
2020-07-10,1372892.375543
2020-07-11,1362117.528926
2020-07-12,1330294.549314
2020-07-13,1435570.025456
2020-07-14,1406092.743163
2020-07-15,1380433.860126
2020-07-16,1400119.20775
2020-07-17,1343077.209196
2020-07-18,1263772.450096
2020-07-19,1273490.143133
2020-07-20,1310064.54803
2020-07-21,1264266.223614
2020-07-22,1305700.411816
2020-07-23,1359214.928139
2020-07-24,1339625.677858
2020-07-25,1163230.197103
2020-07-26,1145281.105665
2020-07-27,1245547.827041
2020-07-28,1174176.697711
2020-07-29,1209057.269882
2020-07-30,1322115.968182
2020-07-31,1256644.221804
2020-08-01,1143097.322085
2020-08-02,1180555.264199
2020-08-03,1253558.472887
2020-08-04,1287023.882049
2020-08-05,1289314.878634
2020-08-06,1345403.738748
2020-08-07,1359463.616315
2020-08-08,1313127.08488
2020-08-09,1315365.831696
2020-08-10,1394540.735602
2020-08-11,1420820.080324
2020-08-12,1441633.457869
2020-08-13,1440824.509973
2020-08-14,1435294.084622
2020-08-15,1402615.791971
2020-08-16,1351941.391181
2020-08-17,1267548.999821
2020-08-18,1299508.376347
2020-08-19,1263168.228796
2020-08-20,1259352.630236
2020-08-21,1272695.610641
2020-08-22,1180978.657615
2020-08-23,1215007.724486
2020-08-24,1277849.043545
2020-08-25,1310411.922665
2020-08-26,1273128.266211
2020-08-27,1308649.272515
2020-08-28,1419388.007754
2020-08-29,1381477.798794
2020-08-30,1325224.543288
2020-08-31,1441440.018214
2020-09-01,1343712.457926
2020-09-02,1230562.974458
2020-09-03,1218424.747934
2020-09-04,1175651.955099
2020-09-05,1113702.385208
2020-09-06,1148747.909822
2020-09-07,1208769.311856
2020-09-08,1206116.398516
2020-09-09,1123377.922155
2020-09-10,970905.685458
2020-09-11,1023842.479418
2020-09-12,1108351.44795
2020-09-13,1129244.457217
2020-09-14,1177127.342427
2020-09-15,1199617.379284
2020-09-16,1193644.051902
2020-09-17,1145203.681021
2020-09-18,1099169.075695
2020-09-19,987643.827856
2020-09-20,931385.490277
2020-09-21,958908.667751
2020-09-22,974474.925071
2020-09-23,977010.511675
2020-09-24,976195.541087
2020-09-25,1035781.147831
2020-09-26,1066609.119466
2020-09-27,1143077.817843
2020-09-28,960039.063268
2020-09-29,914029.498507
2020-09-30,962997.575208
2020-10-01,975673.476611
2020-10-02,941777.484771
2020-10-03,934221.482452
2020-10-04,945646.588171
2020-10-05,1003284.63241
2020-10-06,1046733.652852
2020-10-07,1069528.04331
2020-10-08,1089293.840207
2020-10-09,1092411.868791
2020-10-10,1082420.067617
2020-10-11,1153609.515478
2020-10-12,1104010.722188
2020-10-13,1043058.041513
2020-10-14,1117147.425585
2020-10-15,1069443.409199
2020-10-16,879579.340571
2020-10-17,905879.866169
2020-10-18,1034182.521608
2020-10-19,1051533.919873
2020-10-20,1107617.650161
2020-10-21,1110212.098491
2020-10-22,1115321.500569
2020-10-23,978285.906057
2020-10-24,820798.847124
2020-10-25,884753.347782
2020-10-26,998219.345468
2020-10-27,1017086.498746
2020-10-28,986450.228355
2020-10-29,948895.095797
2020-10-30,899357.138725
2020-10-31,874101.771416
2020-11-01,860346.532689
2020-11-02,881831.589897
2020-11-03,886395.124531
2020-11-04,890326.851093
2020-11-05,900824.348139
2020-11-06,895911.773878
2020-11-07,883507.105312
2020-11-08,901517.983338
2020-11-09,999103.513501
2020-11-10,967797.739954
2020-11-11,942959.028759
2020-11-12,951396.801725
2020-11-13,946922.421557
2020-11-14,976033.261476
2020-11-15,844943.633628
2020-11-16,894619.484588
2020-11-17,897897.997854
2020-11-18,902299.801686
2020-11-19,919090.315942
2020-11-20,921021.890537
2020-11-21,883974.580216
2020-11-22,876651.649922
2020-11-23,902451.007986
2020-11-24,946669.963
2020-11-25,911843.352818
2020-11-26,873124.050247
2020-11-27,878785.624562
2020-11-28,867308.650227
2020-11-29,916629.945487
2020-11-30,1071537.375658
2020-12-01,1035501.354301
2020-12-02,996461.60219
2020-12-03,1065019.131723
2020-12-04,1035574.63502
2020-12-05,980609.939108
2020-12-06,926737.863272
2020-12-07,978614.102988
2020-12-08,954093.275775
2020-12-09,936107.339271
2020-12-10,912182.341481
2020-12-11,901576.528364
2020-12-12,905131.389091
2020-12-13,1009835.954242
2020-12-14,1097601.430614
2020-12-15,1095852.642349
2020-12-16,1132446.42809
2020-12-17,1083326.907783
2020-12-18,980013.663758
2020-12-19,903975.777046
2020-12-20,928017.286116
2020-12-21,949070.282011
2020-12-22,925315.037549
2020-12-23,955254.919048
2020-12-24,1038421.626019
2020-12-25,932097.001398
2020-12-26,901645.447148
2020-12-27,850591.894399
2020-12-28,904530.547264
2020-12-29,885000.308406
2020-12-30,977604.057521
2020-12-31,1109911.023336
2021-01-01,1055946.657753
2021-01-02,994258.08277
2021-01-03,930872.061274
2021-01-04,946724.501466
2021-01-05,933942.345521
2021-01-06,948628.976075
2021-01-07,1014412.235397
2021-01-08,1073687.387934
2021-01-09,1048575.24194
2021-01-10,1183944.718833
2021-01-11,1216048.347934
2021-01-12,1165889.794043
2021-01-13,1068480.208004
2021-01-14,1012017.470933
2021-01-15,1073955.151829
2021-01-16,998860.209731
2021-01-17,947714.494099
2021-01-18,943881.957205
2021-01-19,946250.922675
2021-01-20,985568.245708
2021-01-21,934713.762746
2021-01-22,925379.783582
2021-01-23,893031.632514
2021-01-24,878924.165082
2021-01-25,918919.990807
2021-01-26,943602.698321
2021-01-27,995917.552242
2021-01-28,1052061.314209
2021-01-29,961634.381659
2021-01-30,874169.646858
2021-01-31,906331.907032
2021-02-01,988508.967162
2021-02-02,959585.178983
2021-02-03,915868.189583
2021-02-04,911513.12765
2021-02-05,964505.711394
2021-02-06,926883.129215
2021-02-07,924404.600135
2021-02-08,939903.915137
2021-02-09,1069879.754012
2021-02-10,1195004.42411
2021-02-11,1376562.280297
2021-02-12,1450624.176344
2021-02-13,1414930.289759
2021-02-14,1525962.653958
2021-02-15,1114733.859123
2021-02-16,1071774.909693
2021-02-17,1119567.638435
2021-02-18,1270720.026568
2021-02-19,1158623.807213
2021-02-20,965291.77618
2021-02-21,803559.472022
2021-02-22,838032.872968
2021-02-23,826927.336795
2021-02-24,831058.975398
2021-02-25,900431.148113
2021-02-26,891872.321673
2021-02-27,844877.783961
2021-02-28,846911.591863
2021-03-01,924779.251995
2021-03-02,911178.918424
2021-03-03,890316.216131
2021-03-04,861241.9768
2021-03-05,857042.63767
2021-03-06,822865.899778
2021-03-07,831990.661718
2021-03-08,870973.386981
2021-03-09,864808.383882
2021-03-10,887064.538188
2021-03-11,903542.028716
2021-03-12,925462.23005
2021-03-13,846362.854566
2021-03-14,786521.924105
2021-03-15,883153.622723
2021-03-16,926452.769993
2021-03-17,890600.21365
2021-03-18,883459.528787
2021-03-19,878760.395237
2021-03-20,844449.510606
2021-03-21,836832.605941
2021-03-22,890851.185096
2021-03-23,903718.812468
2021-03-24,892837.153739
2021-03-25,886612.639181
2021-03-26,914018.873696
2021-03-27,931330.777368
2021-03-28,818644.956949
2021-03-29,886380.638314
2021-03-30,937792.083743
2021-03-31,895683.195
2021-04-01,868826.429433
2021-04-02,854783.737219
2021-04-03,818294.70952
2021-04-04,813876.278381
2021-04-05,921622.852994
2021-04-06,989618.282604
2021-04-07,974153.215696
2021-04-08,1002032.52029
2021-04-09,1047762.394584
2021-04-10,898856.493691
2021-04-11,919035.886876
2021-04-12,1025839.582731
2021-04-13,1009210.10823
2021-04-14,984186.244002
2021-04-15,915306.518104
2021-04-16,922912.989202
2021-04-17,844725.276269
2021-04-18,819459.872825
2021-04-19,880909.327803
2021-04-20,915919.033073
2021-04-21,898321.132398
2021-04-22,893469.035468
2021-04-23,933371.203595
2021-04-24,926372.121951
2021-04-25,939058.071707
2021-04-26,1023823.700841
2021-04-27,1026847.898492
2021-04-28,1082969.775572
2021-04-29,1008683.042271
2021-04-30,923189.50753
2021-05-01,887789.572573
2021-05-02,1003006.723766
2021-05-03,1159355.340516
2021-05-04,1022346.411438
2021-05-05,966287.567725
2021-05-06,1009577.135106
2021-05-07,1042191.028631
2021-05-08,1077768.221587
2021-05-09,1089919.952903
2021-05-10,1064058.026075
2021-05-11,1016506.012136
2021-05-12,904344.50035
2021-05-13,931962.324849
2021-05-14,987472.274168
2021-05-15,965873.144594
2021-05-16,948871.384739
2021-05-17,1041233.019847
2021-05-18,981278.105705
2021-05-19,945619.150666
2021-05-20,1018162.494039
2021-05-21,1079424.539595
2021-05-22,998594.8672
2021-05-23,962773.930307
2021-05-24,1038169.098422
2021-05-25,1092117.880957
2021-05-26,1201678.499893
2021-05-27,1211691.8558
2021-05-28,1089650.255316
2021-05-29,1036077.143677
2021-05-30,1000323.984352
2021-05-31,1014728.655203
2021-06-01,1026477.919851
2021-06-02,1075872.963518
2021-06-03,1018851.49761
2021-06-04,1028724.053448
2021-06-05,1050268.721915
2021-06-06,1133309.052108
2021-06-07,1193878.076054
2021-06-08,1268870.378585
2021-06-09,1305357.004717
2021-06-10,1321828.276697
2021-06-11,1323296.445742
2021-06-12,1269224.897264
2021-06-13,1321018.597705
2021-06-14,1356271.498158
2021-06-15,1323144.156774
2021-06-16,1325754.987582
2021-06-17,1346193.075148
2021-06-18,1313945.058828
2021-06-19,1281674.191595
2021-06-20,1302263.538446
2021-06-21,1312913.70337
2021-06-22,1234783.528501
2021-06-23,1358668.273757
2021-06-24,1395904.259229
2021-06-25,1387752.541387
2021-06-26,1306186.886042
2021-06-27,1206427.886891
2021-06-28,1146162.493971
2021-06-29,1175179.269352
2021-06-30,1251547.629064
2021-07-01,1311452.778825
2021-07-02,1265041.217429
2021-07-03,1139543.446322
2021-07-04,1136914.850948
2021-07-05,1170905.668626
2021-07-06,1205703.105117
2021-07-07,1220370.512797
2021-07-08,1239982.433858
2021-07-09,1152080.469659
2021-07-10,1239966.929305
2021-07-11,1214746.361904
2021-07-12,1222529.958894
2021-07-13,1235626.335576
2021-07-14,1242114.483436
2021-07-15,1293279.122704
2021-07-16,1307723.411724
2021-07-17,1295712.155543
2021-07-18,1281588.267186
2021-07-19,1267623.148422
2021-07-20,1246351.529169
2021-07-21,1235304.75137
2021-07-22,1277090.875406
2021-07-23,1350980.678289
2021-07-24,1344789.332831
2021-07-25,1333351.938282
2021-07-26,1407044.246428
2021-07-27,1396631.625981
2021-07-28,1380412.523496
2021-07-29,1394038.008896
2021-07-30,1395890.04709
2021-07-31,1381322.334963
2021-08-01,1298325.621303
2021-08-02,1253075.39844
2021-08-03,1272283.753845
2021-08-04,1282024.662024
2021-08-05,1243089.769512
2021-08-06,1293333.219777
2021-08-07,1325265.865483
2021-08-08,1353043.953462
2021-08-09,1433682.964985
2021-08-10,1421675.386496
2021-08-11,1403916.926477
2021-08-12,1405174.822879
2021-08-13,1363384.162361
2021-08-14,1250263.216812
2021-08-15,1195126.945899
2021-08-16,1293346.083167
2021-08-17,1273865.496324
2021-08-18,1253551.606306
2021-08-19,1377561.781313
2021-08-20,1389150.490303
2021-08-21,1356941.390331
2021-08-22,1353261.12898
2021-08-23,1401344.942049
2021-08-24,1421072.690271
2021-08-25,1418790.037753
2021-08-26,1395516.173169
2021-08-27,1323045.526245
2021-08-28,1271218.031516
2021-08-29,1265832.866337
2021-08-30,1374600.04998
2021-08-31,1421187.224491
2021-09-01,1430258.320367
2021-09-02,1408540.157612
2021-09-03,1376790.486268
2021-09-04,1354798.061181
2021-09-05,1302624.350538
2021-09-06,1283664.362481
2021-09-07,1293192.965277
2021-09-08,1263740.146602
2021-09-09,1247515.428481
2021-09-10,1218684.561615
2021-09-11,1152181.743253
2021-09-12,1169042.169529
2021-09-13,1165348.084302
2021-09-14,1102752.412288
2021-09-15,1148131.692157
2021-09-16,1194247.901137
2021-09-17,1264340.92829
2021-09-18,1234662.551488
2021-09-19,1257023.481664
2021-09-20,1382417.663508
2021-09-21,1274565.735722
2021-09-22,1041615.320779
2021-09-23,1029068.772215
2021-09-24,1046306.577617
2021-09-25,1047728.560497
2021-09-26,1073411.545187
2021-09-27,1175989.186967
2021-09-28,1206549.314511
2021-09-29,1176259.973571
2021-09-30,1187339.352899
2021-10-01,1071787.318919
2021-10-02,1083476.292691
2021-10-03,1091354.805507
2021-10-04,1106252.289915
2021-10-05,1073275.811275
2021-10-06,1078249.206215
2021-10-07,1132846.129041
2021-10-08,1162245.058775
2021-10-09,1127793.170054
2021-10-10,1173930.815561
2021-10-11,1090267.010954
2021-10-12,1190788.722587
2021-10-13,1176314.428439
2021-10-14,1102166.343983
2021-10-15,1080683.102236
2021-10-16,860134.683375
2021-10-17,846359.429073
2021-10-18,933456.208464
2021-10-19,1000908.62703
2021-10-20,1065999.097591
2021-10-21,1070578.801106
2021-10-22,1084123.525968
2021-10-23,1073987.966405
2021-10-24,1085425.906579
2021-10-25,1161972.109664
2021-10-26,1165991.010362
2021-10-27,986668.852828
2021-10-28,908675.029145
2021-10-29,888628.340567
2021-10-30,865934.163261
2021-10-31,887561.763792
2021-11-01,943579.774682
2021-11-02,950665.342812
2021-11-03,949802.241404
2021-11-04,928120.432178
2021-11-05,923043.61445
2021-11-06,909849.174515
2021-11-07,904995.822771
2021-11-08,927688.858914
2021-11-09,926002.194461
2021-11-10,961798.533075
2021-11-11,931753.440975
2021-11-12,936353.473304
2021-11-13,892583.909363
2021-11-14,882926.494372
2021-11-15,960353.133073
2021-11-16,990602.994239
2021-11-17,1005394.739769
2021-11-18,941508.823288
2021-11-19,948732.990377
2021-11-20,898908.80149
2021-11-21,908261.672385
2021-11-22,935670.567711
2021-11-23,945665.999185
2021-11-24,950880.740575
2021-11-25,900631.201506
2021-11-26,936434.3405
2021-11-27,930170.592809
2021-11-28,903854.79182
2021-11-29,958327.399829
2021-11-30,939456.519344
2021-12-01,935673.849036
2021-12-02,952695.858504
2021-12-03,963465.954171
2021-12-04,937147.955246
2021-12-05,958175.289682
2021-12-06,985471.282589
2021-12-07,972160.009706
2021-12-08,968572.819761
2021-12-09,1008933.220022
2021-12-10,1044976.165958
2021-12-11,961782.247815
2021-12-12,983099.45455
2021-12-13,978439.297343
2021-12-14,992740.687127
2021-12-15,1030963.670558
2021-12-16,1015280.021121
2021-12-17,1010275.358708
2021-12-18,969587.43905
2021-12-19,1005955.327429
2021-12-20,1029723.999436
2021-12-21,1009946.408609
2021-12-22,957230.505051
2021-12-23,932292.134347
2021-12-24,927422.077826
2021-12-25,890532.551506
2021-12-26,917137.159933
2021-12-27,962590.957704
2021-12-28,973828.150954
2021-12-29,973625.005687
2021-12-30,966724.895875
2021-12-31,793935.633689
